user_id,user_idx,n_train_items,n_test_items,recommended_items_top10,actual_test_items,hits_top10,n_hits_top10,precision@10,recall@10,ndcg@10,precision@50,recall@50,ndcg@50
AGOCGNCMX5ERMMXJUYIWEVHJLA5Q,1079,2,1,B09613N9S9|B0CC8ZC5GW|B0BQ36KZH2|B0BJJ728F6|B0B93L6V3C|B09NXKVN28|B0BN2VJQPP|B0BHPD4Q2X|B0BH3MZ32Y|B0C2812FK8,B09613N9S9,B09613N9S9,1,0.1,1.0,1.0,0.02,1.0,1.0
AGZEZQNGJRLAB5CB3NBKP455GDPA,1206,3,1,B07PC4ZTGB|B094DC2LMF|B0BN4DZJ3K|B0161W1C6G|B07H5T2QH6|B07D7HVJKH|B09YNHMTCV|B09RHNSVRS|B0982BWQK3|B07C3H1RYW,B07PC4ZTGB,B07PC4ZTGB,1,0.1,1.0,1.0,0.02,1.0,1.0
AHFVAQGFRCBBF6GO5YWPUX7FL6PA,1377,2,1,B0B93L6V3C|B0BXNW1ZWV|B0C2812FK8|B0BNDBVDDZ|B0BTSSZZTM|B0BQ36KZH2|B0BJ2T1LQ5|B0BVBXGTWM|B0BPS63PXC|B0BJSM87QC,B0BXNW1ZWV,B0BXNW1ZWV,1,0.1,1.0,0.6309297535714575,0.02,1.0,0.6309297535714575
AEIIRIHLIYKQGI7ZOCIJTRDF5NPQ,214,2,1,B0BQ36KZH2|B0BN2VJQPP|B0B93L6V3C|B0BLYZYG8N|B0C2812FK8|B09Y8CV13K|B0BFKQ32XM|B0BP6GBHYD|B0CC8ZC5GW|B0BHPD4Q2X,B0BN2VJQPP,B0BN2VJQPP,1,0.1,1.0,0.6309297535714575,0.02,1.0,0.6309297535714575
AGYMXISRHPPKVDSKMUIJJSEE2J7A,1195,2,1,B0B93L6V3C|B0C78JQ42N|B0BK7SC2VT|B0BQ36KZH2|B0BTSSZZTM|B0BDV6S428|B0BNDBVDDZ|B0BXNW1ZWV|B09Y8CV13K|B0BJ2T1LQ5,B0C78JQ42N,B0C78JQ42N,1,0.1,1.0,0.6309297535714575,0.02,1.0,0.6309297535714575
AGGD5QJ2BJIAEEAP5AZ3YDK3HRFQ,977,4,2,B0CC8ZC5GW|B0BLYZYG8N|B0BHRWHHJV|B0BQ36KZH2|B0BFKQ32XM|B0BFKN9WBF|B09613N9S9|B09Y5FFFBR|B0B93L6V3C|B0BP6GBHYD,B0CC8ZC5GW|B0C6SV9P54,B0CC8ZC5GW,1,0.1,0.5,0.6131471927654584,0.02,0.5,0.6131471927654584
AE3HMJT4QXBXEIH7675BA6FCJUSQ,27,1,2,B0BNDBVDDZ|B0B93L6V3C|B0BXNW1ZWV|B0BTSSZZTM|B0C2812FK8|B0BQ36KZH2|B0BL3DX8V8|B0BK7SC2VT|B0BL8HZQHQ|B0BVBXGTWM,B0BNDBVDDZ|B0BWRK31R3,B0BNDBVDDZ,1,0.1,0.5,0.6131471927654584,0.02,0.5,0.6131471927654584
AEE2MAD2PYIPYF36P5TVUU4PP7RQ,143,2,2,B0C2812FK8|B0B93L6V3C|B0BJSM87QC|B0B7DSVGWJ|B0BQ36KZH2|B0BHPD4Q2X|B0BFDBQ9LV|B09PY21GQ3|B0BPS63PXC|B0BXNW1ZWV,B0C2812FK8|B08WCMCT6P,B0C2812FK8,1,0.1,0.5,0.6131471927654584,0.02,0.5,0.6131471927654584
AEIK23LP7GYQ4ZAIZPZEPJKGHL5A,216,1,2,B0B93L6V3C|B0C2812FK8|B0BTSSZZTM|B0BJ2T1LQ5|B0BVBXGTWM|B0BFBLZZNG|B0BXNW1ZWV|B0BPS63PXC|B0BFDBQ9LV|B0B7DSVGWJ,B0BFBLZZNG|B0BTSSZZTM,B0BTSSZZTM|B0BFBLZZNG,2,0.2,1.0,0.5249810332008933,0.04,1.0,0.5249810332008933
AEE3WGFJ7OMW4CTBPGU6NRZIMPVA,144,3,1,B0B93L6V3C|B0B8XYLMLV|B0BXNW1ZWV|B0C2812FK8|B0B534DWCL|B0BQ36KZH2|B0BHPD4Q2X|B0BBFVYZ3R|B0BC7J5MJ3|B0BJSM87QC,B0BXNW1ZWV,B0BXNW1ZWV,1,0.1,1.0,0.5,0.02,1.0,0.5
AEIIRIHLIYKQGI7ZOCIJTRDF5NPQ_1,215,2,1,B0B93L6V3C|B0BQ36KZH2|B0BN2VJQPP|B0C2812FK8|B0BLYZYG8N|B0BVBXGTWM|B09Y8CV13K|B0BHPD4Q2X|B0BP6GBHYD|B0BXNW1ZWV,B0BN2VJQPP,B0BN2VJQPP,1,0.1,1.0,0.5,0.02,1.0,0.5
AERDIR65RMMO7CJ2OOP7HB5X2RJQ,334,1,3,B0B93L6V3C|B0C2812FK8|B0BFDBQ9LV|B0BJ2T1LQ5|B0BHPD4Q2X|B0B7DSVGWJ|B0BMPWZGLQ|B0BNT94P2F|B0BQML7KF8|B0BPS63PXC,B0B8VN78QN|B0B93L6V3C|B0BV7JF6GG,B0B93L6V3C,1,0.1,0.3333333333333333,0.46927872602275644,0.02,0.3333333333333333,0.46927872602275644
AH5KRM72WDRDNOETMZYTOWQGKWLA,1265,1,3,B0B93L6V3C|B0C2812FK8|B0BHPD4Q2X|B0BJ2T1LQ5|B0BGP9BY4W|B0BFDBQ9LV|B0BPS63PXC|B0B7DSVGWJ|B0BVBXGTWM|B0BMPWZGLQ,B0B9M7B73Y|B0B93L6V3C|B0BRN5LK4F,B0B93L6V3C,1,0.1,0.3333333333333333,0.46927872602275644,0.04,0.6666666666666666,0.5745115821700512
AEEC5WQ5JH36CBASHFKYGELDLSVQ,146,1,3,B0BVBXGTWM|B0B93L6V3C|B0BHPD4Q2X|B0BJ8RQ2S5|B0C2812FK8|B0B5DPLCM9|B0B7QPKQ1K|B0BMPWZGLQ|B0BF8P6X2X|B0BY8CSVK2,B0BMDHSNC9|B0BRC5CYFS|B0BVBXGTWM,B0BVBXGTWM,1,0.1,0.3333333333333333,0.46927872602275644,0.02,0.3333333333333333,0.46927872602275644
AGC52K22FKAACTTGBP45PEU3LWJQ,933,3,3,B08544Q86W|B0719W5739|B06Y5W7BF8|B072VQKLTQ|B01MF7859M|B09514RKKX|B07SKB124R|B07B4MMR8M|B0BZRM9JGS|B01MTB8ECC,B08544Q86W|B08544Q86W|B08544Q86W,B08544Q86W,1,0.1,0.3333333333333333,0.46927872602275644,0.02,0.3333333333333333,0.46927872602275644
AGECXZ7TFLSWEXDU5LSXJQWT6LCA,954,2,3,B0B93L6V3C|B0C2812FK8|B0BVBXGTWM|B0BJ2T1LQ5|B0BHPD4Q2X|B0BFDBQ9LV|B0BGP9BY4W|B0BXNW1ZWV|B0B7DSVGWJ|B0BPS63PXC,B0BFWNWSY7|B0B5WNSSW7|B0B93L6V3C,B0B93L6V3C,1,0.1,0.3333333333333333,0.46927872602275644,0.02,0.3333333333333333,0.46927872602275644
AEWLAR5ICCUUCPHH3RGO2YDUTMMQ,408,5,1,B0B93L6V3C|B0C2812FK8|B0BLYZYG8N|B0BXNW1ZWV|B0BN2VJQPP|B0BJSM87QC|B0BHPD4Q2X|B0CC8ZC5GW|B0BP6GBHYD|B0BVBXGTWM,B0BXNW1ZWV,B0BXNW1ZWV,1,0.1,1.0,0.43067655807339306,0.02,1.0,0.43067655807339306
AFWHIXA357OHTHLQDJGMLGIX55KQ,799,2,1,B0B93L6V3C|B0C2812FK8|B0BVBXGTWM|B0BXNW1ZWV|B0BJ8RQ2S5|B0BQ36KZH2|B0BPS63PXC|B0BFKLD2M1|B0BHPD4Q2X|B0BP6GBHYD,B0BXNW1ZWV,B0BXNW1ZWV,1,0.1,1.0,0.43067655807339306,0.02,1.0,0.43067655807339306
AGBIVDJDSHTBPDGGERWDI35QRZEA,926,2,1,B0B93L6V3C|B0C2812FK8|B0BVBXGTWM|B0BHPD4Q2X|B0BPS63PXC|B0BXNW1ZWV|B0BJ2T1LQ5|B0BMPWZGLQ|B0BFDBQ9LV|B0B7DSVGWJ,B0BPS63PXC,B0BPS63PXC,1,0.1,1.0,0.38685280723454163,0.02,1.0,0.38685280723454163
AGND5YEIUMFTPNEGULXVMEBCQ6XA,1062,2,2,B0B93L6V3C|B0BXNW1ZWV|B0BTSSZZTM|B0B8XYLMLV|B0BF59LWP7|B0BVBXGTWM|B0BJ2T1LQ5|B0B8S9VWXX|B0C2812FK8|B0BNT94P2F,B0BSG2N91N|B0BXNW1ZWV,B0BXNW1ZWV,1,0.1,0.5,0.38685280723454163,0.04,1.0,0.49916251923318794
AHX6SBBEU7IRVGW6LOT3GVIU7T7A,1600,1,2,B0B93L6V3C|B0BTSSZZTM|B0BXNW1ZWV|B0C2812FK8|B0B8XYLMLV|B0B534DWCL|B0BHPD4Q2X|B0BPS63PXC|B0BJ2T1LQ5|B0BVBXGTWM,B0BTSSZZTM|B0BTSSZZTM,B0BTSSZZTM,1,0.1,0.5,0.38685280723454163,0.02,0.5,0.38685280723454163
AFR6B6TSHD6KORN3UIZD7S4O5GCQ,739,2,1,B0B93L6V3C|B0C2812FK8|B0BQ36KZH2|B0BHPD4Q2X|B0BNDBVDDZ|B0BXNW1ZWV|B0BN2VJQPP|B0BP6GBHYD|B0BPS63PXC|B0BJ8RQ2S5,B0BNDBVDDZ,B0BNDBVDDZ,1,0.1,1.0,0.38685280723454163,0.02,1.0,0.38685280723454163
AGNQZEW6BYHICG2WUUEWMOTWGGWQ,1066,1,2,B0B93L6V3C|B0BVBXGTWM|B0C2812FK8|B0BJ2T1LQ5|B0BJ8RQ2S5|B0BHPD4Q2X|B0BXNW1ZWV|B0BTSSZZTM|B0BFDBQ9LV|B0BPS63PXC,B0BS3DLFJH|B0BVBXGTWM,B0BVBXGTWM,1,0.1,0.5,0.38685280723454163,0.04,1.0,0.5338931479009518
AEN6WTQLRAZKOKJBZK3UN74Q6JLA,286,1,2,B0B93L6V3C|B0BF59LWP7|B0C2812FK8|B0BXNW1ZWV|B0BTSSZZTM|B0BVBXGTWM|B0BJ2T1LQ5|B0BJ8RQ2S5|B0BPS63PXC|B0BHPD4Q2X,B0BSG2N91N|B0BF59LWP7,B0BF59LWP7,1,0.1,0.5,0.38685280723454163,0.02,0.5,0.38685280723454163
AH2IB5VEDFNG2HMMS3WYXO4JYZMQ,1221,2,2,B0B93L6V3C|B0BF59LWP7|B0BVBXGTWM|B0BTSSZZTM|B0BXNW1ZWV|B0C2812FK8|B0BJ2T1LQ5|B0BPS63PXC|B0BJ8RQ2S5|B0BGXWQLWL,B0BQC9K362|B0BF59LWP7,B0BF59LWP7,1,0.1,0.5,0.38685280723454163,0.04,1.0,0.4978585672211921
AGMZEKL57GT3SNPNR3654R7MNBKQ,1054,1,2,B0B93L6V3C|B0BTSSZZTM|B0C2812FK8|B0BJ2T1LQ5|B0BJ8RQ2S5|B0BXNW1ZWV|B0BHPD4Q2X|B0BPS63PXC|B0BRKWP7FV|B0BF59LWP7,B0BTSSZZTM|B0BRTM7D2D,B0BTSSZZTM,1,0.1,0.5,0.38685280723454163,0.02,0.5,0.38685280723454163
AE5EYXGCU4D2O4X3OSZPYM5T55RQ,53,5,1,B0B93L6V3C|B0C2812FK8|B0BJ2T1LQ5|B0BFDBQ9LV|B0BHPD4Q2X|B0BPS63PXC|B0BGP9BY4W|B0BQ36KZH2|B0BXNW1ZWV|B0BNYT4BVN,B0BPS63PXC,B0BPS63PXC,1,0.1,1.0,0.3562071871080222,0.02,1.0,0.3562071871080222
AFQP3I2UOC4ZR3YWMSCSQ5OYW33A,734,2,1,B0C2812FK8|B0BJ2T1LQ5|B0BHPD4Q2X|B0B7DSVGWJ|B0BFDBQ9LV|B0BPS63PXC|B0BVBXGTWM|B0BGP9BY4W|B0BXNW1ZWV|B0BQ36KZH2,B0BPS63PXC,B0BPS63PXC,1,0.1,1.0,0.3562071871080222,0.02,1.0,0.3562071871080222
AFOIRY7SL52ZM4RW52YP2QIDWYNQ,703,2,7,B0B93L6V3C|B0C2812FK8|B0BHPD4Q2X|B0BFDBQ9LV|B0BJ2T1LQ5|B0BPS63PXC|B0BVBXGTWM|B0BXNW1ZWV|B0BJ8RQ2S5|B0BQML7KF8,B0BMPWZGLQ|B0B93L6V3C|B0BGPB2K9G|B0CCVB4W21|B0BQML7KF8|B0BRKWP7FV|B0BL8HZQHQ,B0B93L6V3C|B0BQML7KF8,2,0.2,0.2857142857142857,0.3543334123470583,0.1,0.7142857142857143,0.5373823461723578
AFG6CHCXDHMBMTMP5LETQCS23OXQ,596,3,1,B0B93L6V3C|B0C2812FK8|B0BHPD4Q2X|B0BJ2T1LQ5|B0BPS63PXC|B0BMPWZGLQ|B09PY21GQ3|B0BQML7KF8|B0BNYT4BVN|B0BLNKJRKN,B0BQML7KF8,B0BQML7KF8,1,0.1,1.0,0.31546487678572877,0.02,1.0,0.31546487678572877
AG33BFRHAQLENGVOM5TQUG7UWGSA,860,5,2,B0BLYZYG8N|B0C2812FK8|B0CC8ZC5GW|B0B93L6V3C|B0BQ36KZH2|B0BJSM87QC|B09NMMLLC5|B0BN2VJQPP|B0BXNW1ZWV|B0BHPD4Q2X,B0B8QSR52J|B0CC8ZC5GW,B0CC8ZC5GW,1,0.1,0.5,0.3065735963827292,0.04,1.0,0.4370182418909037
AH7YI76YXN7SMVQXXPTF2KNYUBEA,1301,1,2,B0B93L6V3C|B0C2812FK8|B0BL8HZQHQ|B0BQ36KZH2|B0BXNW1ZWV|B0BP6GBHYD|B0B7DSVGWJ|B0BN2VJQPP|B0BFKLD2M1|B0BFDBQ9LV,B0BL8HZQHQ|B0B8S4ZP8Q,B0BL8HZQHQ,1,0.1,0.5,0.3065735963827292,0.04,1.0,0.41635896963927044
AGDGYXZ6ZIRGQ3LJKZ6QPKORMXSA,949,1,2,B0B93L6V3C|B0C2812FK8|B0BJ2T1LQ5|B0BMPWZGLQ|B0BFDBQ9LV|B0BVBXGTWM|B0B7DSVGWJ|B0BJ8RQ2S5|B0BPS63PXC|B0B5DPLCM9,B0BJ2T1LQ5|B0BXC8KGKH,B0BJ2T1LQ5,1,0.1,0.5,0.3065735963827292,0.02,0.5,0.3065735963827292
AFIN5H3XWYF275G32ENBHBXKY7DQ,635,1,2,B0B93L6V3C|B0CC8ZC5GW|B0B7QPKQ1K|B0BVBXGTWM|B0C2812FK8|B0BLYZYG8N|B0BFKQ32XM|B0BHPD4Q2X|B0BJ2T1LQ5|B0BQ36KZH2,B0B7QPKQ1K|B0BWWKL9YN,B0B7QPKQ1K,1,0.1,0.5,0.3065735963827292,0.02,0.5,0.3065735963827292
AFNAQ3BJPBI3O5XU2DYFWP44TORQ,681,1,2,B0B93L6V3C|B0C2812FK8|B0BXNW1ZWV|B0BVBXGTWM|B0BTSSZZTM|B0BJ2T1LQ5|B0BHPD4Q2X|B0BPS63PXC|B0BJ8RQ2S5|B0BQ36KZH2,B0BRN5LK4F|B0BXNW1ZWV,B0BXNW1ZWV,1,0.1,0.5,0.3065735963827292,0.02,0.5,0.3065735963827292
AFPWPNOVM63MRP2QRBP52OVHZK2Q,726,1,2,B0B93L6V3C|B0C2812FK8|B0BFDBQ9LV|B0B7DSVGWJ|B0BHPD4Q2X|B0BPS63PXC|B0BJ2T1LQ5|B0BMPWZGLQ|B0BNYT4BVN|B0BJSM87QC,B0B46RJ2SP|B0BFDBQ9LV,B0BFDBQ9LV,1,0.1,0.5,0.3065735963827292,0.02,0.5,0.3065735963827292
AFRHKG3OB33MTDYUIOVRZTD5MUMQ,743,1,2,B0B93L6V3C|B0C2812FK8|B0BQ36KZH2|B0BHPD4Q2X|B0BXNW1ZWV|B0BN2VJQPP|B0BJSM87QC|B0BP6GBHYD|B0BPS63PXC|B0BFDBQ9LV,B0BQ36KZH2|B0BWJNTGCF,B0BQ36KZH2,1,0.1,0.5,0.3065735963827292,0.02,0.5,0.3065735963827292
AEJMCYOJST47X2VDDL3URVPSUZEQ,238,3,1,B0B93L6V3C|B0C2812FK8|B0BJ8RQ2S5|B0BLYZYG8N|B0BQ36KZH2|B0BN2VJQPP|B0CBV5RJXG|B0BHPD4Q2X|B0BZJ8S1K9|B0BP6GBHYD,B0BZJ8S1K9,B0BZJ8S1K9,1,0.1,1.0,0.3010299956639812,0.02,1.0,0.3010299956639812
AHWE2R5FBSLZK6JWFYVWUDOIWFHA,1593,2,1,B0B93L6V3C|B0C2812FK8|B0BQ36KZH2|B0B7DSVGWJ|B0BHPD4Q2X|B0BXNW1ZWV|B0BFDBQ9LV|B0BJ2T1LQ5|B0BLNKJRKN|B0BPS63PXC,B0BLNKJRKN,B0BLNKJRKN,1,0.1,1.0,0.3010299956639812,0.02,1.0,0.3010299956639812
AHPGOKFV4PEZ62U3Q7MKRNUHOBDQ,1502,2,1,B0CC8ZC5GW|B09DB6NDSL|B0B7833928|B0BFKN9WBF|B0BFKQ32XM|B074Q6LZQ7|B0BT9TLB4R|B09Y5FFFBR|B0BDHVLVYY|B09S5RZ471,B0BDHVLVYY,B0BDHVLVYY,1,0.1,1.0,0.3010299956639812,0.02,1.0,0.3010299956639812
AFTTAQSQ4Y7DIOE4HNFKO3WRI2VQ,767,1,3,B0B93L6V3C|B0BTSSZZTM|B0BXNW1ZWV|B0C2812FK8|B0BF59LWP7|B0BVBXGTWM|B0BJ2T1LQ5|B0BPS63PXC|B0BRKWP7FV|B0B8S9VWXX,B0BTSSZZTM|B0BTSSZZTM|B0BSG2N91N,B0BTSSZZTM,1,0.1,0.3333333333333333,0.2960819109658652,0.02,0.3333333333333333,0.2960819109658652
AGIW67ODFNMCHDCP7VDNQMNM76XA,1000,3,3,B0B93L6V3C|B0BXNW1ZWV|B0BTSSZZTM|B0C2812FK8|B0B8S9VWXX|B0BJ2T1LQ5|B0BVBXGTWM|B0BPS63PXC|B0BHPD4Q2X|B0B534DWCL,B0BF59LWP7|B0B123HXPS|B0BXNW1ZWV,B0BXNW1ZWV,1,0.1,0.3333333333333333,0.2960819109658652,0.02,0.3333333333333333,0.2960819109658652
AFBYQG3ZLXZ5VRNMOEETT32NVBPQ,549,2,1,B0B93L6V3C|B0BTSSZZTM|B0C2812FK8|B0BXNW1ZWV|B0BKFLXF98|B0BVBXGTWM|B0BQ36KZH2|B0BJ8RQ2S5|B0BN2VJQPP|B0BH6HVCL7,B0BH6HVCL7,B0BH6HVCL7,1,0.1,1.0,0.2890648263178879,0.02,1.0,0.2890648263178879
AFUM2MJGK6YVFF62JBTJJCV23H6A,777,2,2,B0BK7SC2VT|B0BJNWL76Q|B0B93L6V3C|B0BKGPG66Y|B0BFKLD2M1|B0BNDBVDDZ|B09Y8CV13K|B0BLTK3K4K|B0BRVCLLKD|B0B9V5P2JQ,B09TSHG1Q4|B0BKGPG66Y,B0BKGPG66Y,1,0.1,0.5,0.2640681225725909,0.02,0.5,0.2640681225725909
AFIC7AJFLGRX26IET6JDOTON372Q,626,3,4,B0B93L6V3C|B0BVBXGTWM|B0BTSSZZTM|B0BJ2T1LQ5|B0BXNW1ZWV|B0C2812FK8|B0BGXWQLWL|B0BPS63PXC|B0BJ8RQ2S5|B0B8YYS6G2,B0BJDN3C6N|B0BF59LWP7|B0BQC9K362|B0BVBXGTWM,B0BVBXGTWM,1,0.1,0.25,0.24630238874073,0.02,0.25,0.24630238874073
AHHL6C6VWXAAFG7U6C7O3AA435AA,1396,1,2,B0B93L6V3C|B0C2812FK8|B0BJ2T1LQ5|B0BGP9BY4W|B0BNT94P2F|B0BVBXGTWM|B0BXNW1ZWV|B0BHPD4Q2X|B0BFDBQ9LV|B0BPS63PXC,B0BNT94P2F|B0BRVCLLKD,B0BNT94P2F,1,0.1,0.5,0.23719771276929622,0.02,0.5,0.23719771276929622
AENES67C4WKWXUM5YQIS62FDA2PQ,288,3,2,B0B93L6V3C|B0B7DSVGWJ|B0BHPD4Q2X|B0BFDBQ9LV|B0BPS63PXC|B0BXNW1ZWV|B0BNYT4BVN|B0BMPWZGLQ|B0BJSM87QC|B0BJ2T1LQ5,B0BPS63PXC|B0BH81Q1MQ,B0BPS63PXC,1,0.1,0.5,0.23719771276929622,0.02,0.5,0.23719771276929622
AEH7P4H3XV6FMUZQFNFYV3PQXBJQ,196,1,2,B0B93L6V3C|B0C2812FK8|B0BJ2T1LQ5|B0BVBXGTWM|B0BGP9BY4W|B0BHPD4Q2X|B0BQ36KZH2|B0BXNW1ZWV|B0BPS63PXC|B0BTSSZZTM,B0BGP9BY4W|B0BDM6WZ4Y,B0BGP9BY4W,1,0.1,0.5,0.23719771276929622,0.02,0.5,0.23719771276929622
AGZ76I3V5WHYSFRVM52A7FLIO2LQ,1203,6,2,B0B93L6V3C|B0C2812FK8|B0BVBXGTWM|B0BHPD4Q2X|B0BXNW1ZWV|B0BPS63PXC|B0BJ2T1LQ5|B0B7DSVGWJ|B0BFDBQ9LV|B0BMPWZGLQ,B0BXNW1ZWV|B0BN4QD83H,B0BXNW1ZWV,1,0.1,0.5,0.23719771276929622,0.02,0.5,0.23719771276929622
AE7Z3HIPEKGTJMU64S4S7BVEQCFA,92,1,2,B0B93L6V3C|B0C2812FK8|B0BJSM87QC|B0BHPD4Q2X|B0BXNW1ZWV|B0BFDBQ9LV|B0B7DSVGWJ|B0BPS63PXC|B0BQ36KZH2|B0BJ2T1LQ5,B0BTYCNSKN|B0BXNW1ZWV,B0BXNW1ZWV,1,0.1,0.5,0.23719771276929622,0.02,0.5,0.23719771276929622
AE6XUL4WU3PYACTWQGULMA7GYX5A,79,3,3,B0B93L6V3C|B0C2812FK8|B0BTSSZZTM|B0BXNW1ZWV|B0BVBXGTWM|B0BJ2T1LQ5|B0BQ36KZH2|B0BN2VJQPP|B0BPS63PXC|B0BFDBQ9LV,B0BJVHW36M|B0BTSSZZTM|B0BD99H6QJ,B0BTSSZZTM,1,0.1,0.3333333333333333,0.23463936301137822,0.02,0.3333333333333333,0.23463936301137822
AHACDIPU6CQKLBZ4NGY26AEG27EA,1306,13,2,B0BHRWHHJV|B0BLYZYG8N|B0BQ36KZH2|B0BFKQ32XM|B0BFKN9WBF|B0BP6GBHYD|B0C2812FK8|B0BFKLD2M1|B0BN2VJQPP|B0B93L6V3C,B0BP6GBHYD|B0BTDRTXSX,B0BP6GBHYD,1,0.1,0.5,0.21840743681816419,0.02,0.5,0.21840743681816419
AFAKJNQUTMMECTRA2C4YYDIMC2PA,523,1,3,B0B93L6V3C|B0C2812FK8|B0BVBXGTWM|B0BXNW1ZWV|B0BTSSZZTM|B0BQ36KZH2|B0BJ2T1LQ5|B0BPS63PXC|B0BJ8RQ2S5|B0BHPD4Q2X,B0BDV6S428|B0BXNW1ZWV|B0BTJCWQWW,B0BXNW1ZWV,1,0.1,0.3333333333333333,0.20210734650054757,0.02,0.3333333333333333,0.20210734650054757
AFONLP7B2QZDHMURWPT2RDC2A3GQ,707,2,3,B0B93L6V3C|B0C2812FK8|B0BJ2T1LQ5|B0BXNW1ZWV|B0BVBXGTWM|B0BPS63PXC|B0BTSSZZTM|B0BHPD4Q2X|B0BQ36KZH2|B0B7DSVGWJ,B0BJ6TZ8PC|B0C1B5CY4X|B0BXNW1ZWV,B0BXNW1ZWV,1,0.1,0.3333333333333333,0.20210734650054757,0.02,0.3333333333333333,0.20210734650054757
AH4QNKLFKKZSLJJ2VW663PKWTH4A,1255,3,4,B0B93L6V3C|B0C2812FK8|B0BXNW1ZWV|B0B8XYLMLV|B0BHPD4Q2X|B0BTSSZZTM|B0BPS63PXC|B0BMPWZGLQ|B0BJ2T1LQ5|B0B7DSVGWJ,B0B534DWCL|B09TJBSX1J|B0B8S9VWXX|B0BXNW1ZWV,B0BXNW1ZWV,1,0.1,0.25,0.19519002499605084,0.02,0.25,0.19519002499605084
AGNXHZ2L5KZAF6UFAQCNSJ4UFQRQ,1072,1,4,B0B93L6V3C|B0BTSSZZTM|B0BXNW1ZWV|B0C2812FK8|B0BVBXGTWM|B0BF59LWP7|B0BJ2T1LQ5|B0BPS63PXC|B0BRKWP7FV|B0BGP9BY4W,B09Y5THFNK|B0BDM6WZ4Y|B0BR9Q6B94|B0BXNW1ZWV,B0BXNW1ZWV,1,0.1,0.25,0.19519002499605084,0.04,0.5,0.2680554026266559
AHFIP6VKIJ4OMBCIVCZ5W5PCFWHQ,1371,2,2,B0B93L6V3C|B0C2812FK8|B0BHPD4Q2X|B0BQ36KZH2|B0BXNW1ZWV|B0B7DSVGWJ|B0BPS63PXC|B0BP6GBHYD|B0BMPWZGLQ|B0BFDBQ9LV,B0BS19FS15|B0BP6GBHYD,B0BP6GBHYD,1,0.1,0.5,0.19342640361727081,0.02,0.5,0.19342640361727081
AGXX3QZGH4CIXTAIQPTM6S2Z5HFQ,1188,2,2,B0B93L6V3C|B0C2812FK8|B0B7DSVGWJ|B0BHPD4Q2X|B0BJ2T1LQ5|B0BPS63PXC|B0BMPWZGLQ|B0BNDBVDDZ|B0BJ8RQ2S5|B09PY21GQ3,B09XDRFX2Q|B0BNDBVDDZ,B0BNDBVDDZ,1,0.1,0.5,0.19342640361727081,0.02,0.5,0.19342640361727081
AG3YYOGQVFAD7PP3FUURBJYDHIMQ,867,1,3,B0B93L6V3C|B0C2812FK8|B0BHPD4Q2X|B0BJ8RQ2S5|B0BMPWZGLQ|B0BVBXGTWM|B0BQ36KZH2|B0B7DSVGWJ|B0B5DPLCM9|B0BPS63PXC,B0BJZRHFHJ|B0BMPWZGLQ|B0C3BF4BCV,B0BMPWZGLQ,1,0.1,0.3333333333333333,0.18154179253735267,0.02,0.3333333333333333,0.18154179253735267
AH7EO3D3V72HPLXXYSLB2EPVA4QA,1289,2,3,B0B93L6V3C|B0C2812FK8|B0BQ36KZH2|B0BXNW1ZWV|B0BP6GBHYD|B0B7DSVGWJ|B0BN2VJQPP|B0BFDBQ9LV|B0BPS63PXC|B0BTSSZZTM,B0BNDBVDDZ|B0BL8HZQHQ|B0BP6GBHYD,B0BP6GBHYD,1,0.1,0.3333333333333333,0.18154179253735267,0.02,0.3333333333333333,0.18154179253735267
AGPTPIMYIR6P4Z52QMLUL55KEQRA,1091,2,2,B0B93L6V3C|B0C2812FK8|B0BQ36KZH2|B0BJ2T1LQ5|B0BHPD4Q2X|B0B7DSVGWJ|B0BVBXGTWM|B0BPS63PXC|B0BFDBQ9LV|B0BG87633S,B0BG87633S|B0BDYKXP9S,B0BG87633S,1,0.1,0.5,0.17723928678404774,0.02,0.5,0.17723928678404774
AHLLSYLF6NXRWO74Y76LAELOUO5Q,1450,2,2,B0BFKLD2M1|B0BQ36KZH2|B0B93L6V3C|B0CC8ZC5GW|B0BN2VJQPP|B0C2812FK8|B0BP6GBHYD|B0BLYZYG8N|B0BXNW1ZWV|B0BWDSBD8N,B0BRXBFJT4|B0BWDSBD8N,B0BWDSBD8N,1,0.1,0.5,0.17723928678404774,0.02,0.5,0.17723928678404774
AEQ2LHWWCZLVFABJXOLD7XSHRNRA,320,2,5,B0B93L6V3C|B0C2812FK8|B0BJ2T1LQ5|B0BHPD4Q2X|B0BFDBQ9LV|B0BVBXGTWM|B0B7DSVGWJ|B0BPS63PXC|B0BGP9BY4W|B0BXNW1ZWV,B0BH3MZ32Y|B0B2LJBNXW|B0C3R9QR28|B0BJ2T1LQ5|B0CBYLKBP3,B0BJ2T1LQ5,1,0.1,0.2,0.16958010263680806,0.04,0.4,0.24173509783111843
AG5V7DZWKY6USMJIOGMXH7ZLRR3A,890,2,3,B0B93L6V3C|B0BFKQ32XM|B0BFKLD2M1|B0C2812FK8|B0BQ36KZH2|B0BXNW1ZWV|B0BNDBVDDZ|B0BN2VJQPP|B0BP6GBHYD|B0BJ2T1LQ5,B0BL8HZQHQ|B0BLTK3K4K|B0BXNW1ZWV,B0BXNW1ZWV,1,0.1,0.3333333333333333,0.16716045496620227,0.02,0.3333333333333333,0.16716045496620227
AHKAX7VVW3VBD76AEZ4DT7PO4DGQ,1426,6,8,B0B93L6V3C|B0C1F5S9TD|B0BJ8RQ2S5|B0BGP9BY4W|B0C2812FK8|B0BVBXGTWM|B0BHPD4Q2X|B0BJ2T1LQ5|B0B9BVPBFM|B0BFDBQ9LV,B0BKY2VN67|B0BKY2VN67|B0BCHTPNFD|B0BCHTPNFD|B0BK7XBDTW|B0BK7XBDTW|B0C1F5S9TD|B0C1F5S9TD,B0C1F5S9TD,1,0.1,0.125,0.15958907712489634,0.02,0.125,0.15958907712489634
AH7RJ36IWKAUGT3AZD4GSUUDOGVQ,1299,1,4,B0B93L6V3C|B0C2812FK8|B0BFDBQ9LV|B0BHPD4Q2X|B0BCHTPNFD|B0B7DSVGWJ|B0BJ2T1LQ5|B0BJ8RQ2S5|B0BPS63PXC|B0BMPWZGLQ,B0C9D8SQD8|B0B8VN78QN|B0BCHTPNFD|B0C3R9QR28,B0BCHTPNFD,1,0.1,0.25,0.15101961822780524,0.04,0.5,0.237318878364916
AFIN7V7AOBTQS6IDKPLWOKGLFN7Q,636,1,4,B0B93L6V3C|B0BNDBVDDZ|B0BTSSZZTM|B0BXNW1ZWV|B0C2812FK8|B0BL8HZQHQ|B0BJ2T1LQ5|B0BPS63PXC|B0BVBXGTWM|B0B8YYS6G2,B0BL8HZQHQ|B0B73MJBB3|B0BHJ6D5TV|B0BV92PMQ7,B0BL8HZQHQ,1,0.1,0.25,0.13905617951077562,0.02,0.25,0.13905617951077562
AEUMGQQLYINQERW4AAC7N5EPNOVQ,383,1,3,B0B93L6V3C|B0C2812FK8|B0BJ2T1LQ5|B0BHPD4Q2X|B0BFDBQ9LV|B0B7DSVGWJ|B0BXNW1ZWV|B0BPS63PXC|B0BGP9BY4W|B0BQML7KF8,B0BNT94P2F|B0BR15S6Y1|B0BQML7KF8,B0BQML7KF8,1,0.1,0.3333333333333333,0.13565197343244778,0.02,0.3333333333333333,0.13565197343244778
AEM6RCPUYTN6RDE4NXJHCHPHTJ2A,276,1,4,B0B93L6V3C|B0C2812FK8|B0B8S9VWXX|B0BXNW1ZWV|B0BTSSZZTM|B0B534DWCL|B0BPS63PXC|B0BHPD4Q2X|B0BJ2T1LQ5|B0BC83JCVB,B0BQR24Z5R|B0BPPNNRC1|B0BPS63PXC|B0BWHZWHWT,B0BPS63PXC,1,0.1,0.25,0.13012668333070054,0.02,0.25,0.13012668333070054
AG5Q72FKGAJV4RB44HX5DQI5U5KQ,888,11,4,B0B93L6V3C|B0C2812FK8|B0BHPD4Q2X|B0BJ2T1LQ5|B0BPS63PXC|B0BFDBQ9LV|B0BQ36KZH2|B0BGP9BY4W|B0BVBXGTWM|B0BXNW1ZWV,B0BG9L37C9|B0B8S4ZP8Q|B0BHWN8Z94|B0BGP9BY4W,B0BGP9BY4W,1,0.1,0.25,0.123151194370365,0.02,0.25,0.123151194370365
AFGQRL65EBT7BNHUSU5UYYQZ4TFQ,608,1,6,B0B93L6V3C|B0C2812FK8|B0BXNW1ZWV|B0BQ36KZH2|B0BFKLD2M1|B0BFKQ32XM|B0BPS63PXC|B0BVBXGTWM|B0BTSSZZTM|B0BP6GBHYD,B0B8J4Q894|B0BJQ46494|B0BFKLD2M1|B0BLNG8FPQ|B0BRFGY217|B0BR3VL162,B0BFKLD2M1,1,0.1,0.16666666666666666,0.11706259313796354,0.02,0.16666666666666666,0.11706259313796354
AELPCOWAUDVNNI6FSHBTD2T3I5TA,272,3,5,B0B93L6V3C|B0C2812FK8|B0BFKLD2M1|B0BFKN9WBF|B0BN2VJQPP|B0BXNW1ZWV|B0BP6GBHYD|B0BHPD4Q2X|B0BLYZYG8N|B0BJSM87QC,B0BSBBQBCR|B0BRSG3K7F|B0BTYC7YMK|B0BP6GBHYD|B0BWWKL9YN,B0BP6GBHYD,1,0.1,0.2,0.11305340175787204,0.04,0.4,0.18088544281259525
AHYZYHDOPVABNFEREVU42X4J45CQ,1622,1,4,B0B93L6V3C|B0C2812FK8|B0BVBXGTWM|B0BFDBQ9LV|B0BHPD4Q2X|B0BJ2T1LQ5|B0BXNW1ZWV|B0BJSM87QC|B0BJ8RQ2S5|B0BS3DLFJH,B0BKSMFK1M|B09MHCCYSF|B0BS3DLFJH|B0BNKKR6W5,B0BS3DLFJH,1,0.1,0.25,0.11284514134893527,0.02,0.25,0.11284514134893527
AH7WEEHKTSKTKL7EY5G2IBIZFQMA,1300,10,4,B0B93L6V3C|B0C2812FK8|B0BHPD4Q2X|B0B7DSVGWJ|B0BPS63PXC|B0BQ36KZH2|B0BJ8RQ2S5|B0BNYT4BVN|B0BJ2T1LQ5|B0BP6GBHYD,B0BBL2Y2D9|B0BP6GBHYD|B0BXC8KGKH|B0BWD621BP,B0BP6GBHYD,1,0.1,0.25,0.11284514134893527,0.02,0.25,0.11284514134893527
AFNWC4IW5KXXGFZXNGOFPT6ADKWQ,690,2,6,B0B93L6V3C|B0C2812FK8|B0BQ36KZH2|B0BJSM87QC|B0BXNW1ZWV|B0BVBXGTWM|B0B7DSVGWJ|B0BN2VJQPP|B0BHPD4Q2X|B0B9XNL1N4,B0B9XNL1N4|B0BDV6QQRY|B0BB26RVQC|B0BPH4YH1J|B0BFKN9WBF|B0BWDLCG6X,B0B9XNL1N4,1,0.1,0.16666666666666666,0.0874717141014082,0.04,0.3333333333333333,0.14472419952605628
AGNCB3ECPQ25DLUFYYZLXJEZK35A,1060,1,8,B0B93L6V3C|B0C2812FK8|B0BTSSZZTM|B0BVBXGTWM|B0BXNW1ZWV|B0BJ2T1LQ5|B0BPS63PXC|B0BHPD4Q2X|B0BJ8RQ2S5|B0BGP9BY4W,B0BF59LWP7|B0BDM6WZ4Y|B0BTDRTXSX|B0BPS63PXC|B0C9D8SQD8|B07RT6XYL3|B0BHXBKX83|B0BZLF4GKR,B0BPS63PXC,1,0.1,0.125,0.0843142342558857,0.04,0.25,0.12890586614499663
AFO244HWCWOLKIJJ2GVPTDPS4ZHQ,693,4,9,B0B93L6V3C|B0C2812FK8|B0BHPD4Q2X|B0BFDBQ9LV|B0BXNW1ZWV|B0BPS63PXC|B0B7DSVGWJ|B0BMPWZGLQ|B0BJ8RQ2S5|B0BQ36KZH2,B0BCZ85D8T|B0BQVGX2L4|B0BJ2T1LQ5|B0BVBXGTWM|B0B7DSVGWJ|B09TJBSX1J|B0BR8WJ5LR|B0B8XYLMLV|B0BCG1K49Y,B0B7DSVGWJ,1,0.1,0.1111111111111111,0.07834851647149511,0.06,0.3333333333333333,0.1670293442120852
AGQQP6DY2FQRUES4PNL5TYWPDZ6Q,1101,3,2,B0B93L6V3C|B0C2812FK8|B0BVBXGTWM|B0BXNW1ZWV|B0BHPD4Q2X|B0BJSM87QC|B0BQ36KZH2|B0B9XNL1N4|B0BJ8RQ2S5|B0BN2VJQPP,B09LXGFB5Z|B0BVBB57K1,,0,0.0,0.0,0.0,0.0,0.0,0.0
AGQIRMPQXBXKPLSYQLZ3KORUVC5Q,1099,3,4,B0B93L6V3C|B0C2812FK8|B0BN2VJQPP|B0BJSM87QC|B0BP6GBHYD|B0BXNW1ZWV|B0BHPD4Q2X|B0B7DSVGWJ|B0BLYZYG8N|B0BPS63PXC,B0BQ36KZH2|B0BQ36KZH2|B0BTSSZZTM|B0C3BF4BCV,,0,0.0,0.0,0.0,0.0,0.0,0.0
AHRQWNZFXABXWXMXPDGA6LHU6W4Q,1536,1,3,B0B93L6V3C|B0BTSSZZTM|B0BXNW1ZWV|B0BVBXGTWM|B0C2812FK8|B0BQ36KZH2|B0BJ2T1LQ5|B0BNDBVDDZ|B0BF59LWP7|B0BPS63PXC,B0C6F19MRQ|B0BSF35DN6|B0BRCP3GMW,,0,0.0,0.0,0.0,0.02,0.3333333333333333,0.10235170428306553
AGQ4DDJTO5TDQ5MCVQYT3R5O77EA,1094,3,1,B0B93L6V3C|B0C2812FK8|B0BHPD4Q2X|B0BVBXGTWM|B0BPS63PXC|B0BMPWZGLQ|B0BXNW1ZWV|B0B5DPLCM9|B0BJ2T1LQ5|B0BQ36KZH2,B0CBV5RJXG,,0,0.0,0.0,0.0,0.0,0.0,0.0
AHRX77RPTP4BLS2M4DIJNT6UUAHQ,1541,2,1,B0BLYZYG8N|B09ZVJVMVW|B09YYY4S5B|B085H7RBKH|B094YLQBB9|B09ZB93ZXF|B0C2812FK8|B0CC8ZC5GW|B0BHQJ2BL9|B0BJSM87QC,B0BRKBQ8N3,,0,0.0,0.0,0.0,0.0,0.0,0.0
AGO545Q2YFOJMGGJL2NH3GAPRSLQ,1075,1,4,B0B93L6V3C|B0C2812FK8|B0BJ2T1LQ5|B0BXNW1ZWV|B0BHPD4Q2X|B0BGP9BY4W|B0BVBXGTWM|B0BPS63PXC|B0BFDBQ9LV|B0B7DSVGWJ,B0BNT94P2F|B0BNMQW5S9|B0BRVCLLKD|B0C1478ZNB,,0,0.0,0.0,0.0,0.0,0.0,0.0
AGPRHPWFB27EUCNFWBAYFH2URSWA,1089,5,2,B0BFKLD2M1|B0B93L6V3C|B0BQ36KZH2|B0C2812FK8|B0CC8ZC5GW|B0BN2VJQPP|B0BLYZYG8N|B0BXNW1ZWV|B0BP6GBHYD|B0BVBXGTWM,B0BFKQ32XM|B0B4BPSL2S,,0,0.0,0.0,0.0,0.0,0.0,0.0
AGOPHLYAKBNK3XFI2WWUZ76YZPHA,1082,1,3,B0B93L6V3C|B0C2812FK8|B0BJ8RQ2S5|B0BXNW1ZWV|B0BPS63PXC|B0BHPD4Q2X|B0B7DSVGWJ|B0BTSSZZTM|B0BJ2T1LQ5|B0BFDBQ9LV,B0C9D8SQD8|B0BTYC7YMK|B0BR8KS18L,,0,0.0,0.0,0.0,0.0,0.0,0.0
AHRYM5JKUQ7CDE2M5KH6MAP5RDZA,1544,2,1,B0B93L6V3C|B0C2812FK8|B0BVBXGTWM|B0BHPD4Q2X|B0BPS63PXC|B0BJ2T1LQ5|B0BXNW1ZWV|B0BFDBQ9LV|B0BMPWZGLQ|B0B7DSVGWJ,B0C1V4LPMK,,0,0.0,0.0,0.0,0.0,0.0,0.0
AGNWUMZARHLPJIJDSE2DZ4AJ57JQ,1071,5,2,B0C2812FK8|B0B93L6V3C|B0BQ36KZH2|B0BJSM87QC|B0BXNW1ZWV|B0BHPD4Q2X|B0BP6GBHYD|B0BN2VJQPP|B0BVBXGTWM|B0BPS63PXC,B0B8J4Q894|B0BS92YMK4,,0,0.0,0.0,0.0,0.02,0.5,0.12376320080008647
AHTC6RAF2FZ2VKT6R45N6UO6DD6A,1555,3,2,B0B93L6V3C|B0BK7SC2VT|B0BQ36KZH2|B0BNDBVDDZ|B0BTSSZZTM|B09TSHG1Q4|B0BXNW1ZWV|B0BVBXGTWM|B0C2812FK8|B0BJ2T1LQ5,B0BKGPG66Y|B0B87NCR8B,,0,0.0,0.0,0.0,0.0,0.0,0.0
AHT6ZYTMCHIYT33457ZLEM2OJVTQ,1553,6,2,B0B93L6V3C|B0C2812FK8|B0BXNW1ZWV|B0BJ2T1LQ5|B0BVBXGTWM|B0BHPD4Q2X|B0BP6GBHYD|B0B7DSVGWJ|B0BPS63PXC|B0BTSSZZTM,B0BL8HZQHQ|B0BK7SC2VT,,0,0.0,0.0,0.0,0.02,0.5,0.11521147633589655
AGPS6NAFQU62XJNRH56M5HDRHJBA,1090,2,1,B0B93L6V3C|B0C2812FK8|B0BJ2T1LQ5|B0BQ36KZH2|B0BFDBQ9LV|B0BJSM87QC|B0B7DSVGWJ|B0BHPD4Q2X|B0BVBXGTWM|B0BPS63PXC,B0BRJZKTTK,,0,0.0,0.0,0.0,0.0,0.0,0.0
AGS4XRFEDKRC7XKQYJIHT4JKNVNQ,1116,1,4,B0B93L6V3C|B0C2812FK8|B0BHPD4Q2X|B0BJ8RQ2S5|B0BVBXGTWM|B0BMPWZGLQ|B0BJ2T1LQ5|B0B5DPLCM9|B0BFDBQ9LV|B0BPS63PXC,B09Y5794P1|B0BRXBFJT4|B0BRX9C4L7|B0BRX9GTR9,,0,0.0,0.0,0.0,0.0,0.0,0.0
AGR4GRYHOPWJYJJQH5BBWGKD6N6Q,1105,1,2,B0B93L6V3C|B0C2812FK8|B0BJ8RQ2S5|B0BFDBQ9LV|B0BVBXGTWM|B0BHPD4Q2X|B0B7DSVGWJ|B0BPS63PXC|B09PY21GQ3|B0BNYT4BVN,B0BQ3L4PGK|B0C6147THR,,0,0.0,0.0,0.0,0.02,0.5,0.12155021559723776
AGTGP7SLGJGH6PJCAAYEN36OQI5A,1137,2,3,B0B93L6V3C|B0C2812FK8|B0BTSSZZTM|B0BVBXGTWM|B0BXNW1ZWV|B0BJ2T1LQ5|B0BFDBQ9LV|B0BHPD4Q2X|B0BPS63PXC|B0BGP9BY4W,B0CBZHRZDY|B0BMGFM77C|B0BD99H6QJ,,0,0.0,0.0,0.0,0.0,0.0,0.0
AHQBA5QJU2I3X5KEXQMIY726X6FA,1516,3,1,B0BHQJ2BL9|B0B93L6V3C|B0BCMPR6MH|B0BN2VJQPP|B0C2812FK8|B0BHPD4Q2X|B085H7RBKH|B09613N9S9|B0BJ2T1LQ5|B0CC8ZC5GW,B0CDLTRQGM,,0,0.0,0.0,0.0,0.0,0.0,0.0
AGW25DVJRBYMQKIZIP47VMHZZW3A,1165,1,2,B0B93L6V3C|B0C2812FK8|B0BVBXGTWM|B0BJ2T1LQ5|B0BFDBQ9LV|B0BHPD4Q2X|B0B7DSVGWJ|B0BGP9BY4W|B0BPS63PXC|B0BXNW1ZWV,B0BY8CSVK2|B0BY8CSVK2,,0,0.0,0.0,0.0,0.02,0.5,0.16569576576522954
AGVJTQYSA6AZTILB5RBFO6G3BFJA,1160,4,2,B0B93L6V3C|B0C2812FK8|B0BFDBQ9LV|B0BHPD4Q2X|B0B7DSVGWJ|B0BVBXGTWM|B0BMPWZGLQ|B0BJ2T1LQ5|B0BJSM87QC|B0BPS63PXC,B0BLJX79MV|B0BS3DLFJH,,0,0.0,0.0,0.0,0.0,0.0,0.0
AHQM2R7DOP5CTEPDKA6MKT3ET25Q,1522,3,1,B0B93L6V3C|B0C2812FK8|B0BHPD4Q2X|B0BVBXGTWM|B0BQ36KZH2|B0BJ8RQ2S5|B0BJ2T1LQ5|B0BMPWZGLQ|B0BP6GBHYD|B0BPS63PXC,B0BSLJYN7J,,0,0.0,0.0,0.0,0.0,0.0,0.0
AGUNGOR2O2DXKALA24CWPWJFT7IQ,1150,2,2,B0B93L6V3C|B0C2812FK8|B0BXNW1ZWV|B0BJ2T1LQ5|B0BQ36KZH2|B0BFKLD2M1|B0BGP9BY4W|B0BVBXGTWM|B0BNDBVDDZ|B0BPS63PXC,B0BL8HZQHQ|B0BJ6TZ8PC,,0,0.0,0.0,0.0,0.0,0.0,0.0
AGUHE5OD7EI5HOZ34SRK7YZ343QA,1147,5,4,B0B93L6V3C|B0C2812FK8|B0BJ8RQ2S5|B0BXNW1ZWV|B0BTSSZZTM|B0BJ2T1LQ5|B0BPS63PXC|B0BHPD4Q2X|B0BQ36KZH2|B0BN2VJQPP,B0B87NCR8B|B0BRTVC2ZX|B0BXJCVNHB|B0BTJCWQWW,,0,0.0,0.0,0.0,0.0,0.0,0.0
AGUAXC4MHDLLIX7LCYCL52AZ4VKA,1144,2,3,B0B93L6V3C|B0C2812FK8|B0BFKQ32XM|B0BQ36KZH2|B0BFKN9WBF|B0BXNW1ZWV|B0BP6GBHYD|B0BN2VJQPP|B0B7DSVGWJ|B0BPS63PXC,B0BFKLD2M1|B0BNDBVDDZ|B0BT6CNCCX,,0,0.0,0.0,0.0,0.0,0.0,0.0
AGU4D2QZZJH2EYZJWDVUAS4WMZHA,1142,3,2,B0B93L6V3C|B0BF59LWP7|B0BJ2T1LQ5|B0BXNW1ZWV|B0BTSSZZTM|B0BLYZYG8N|B0BVBXGTWM|B0BHPD4Q2X|B0BGP9BY4W|B0C2812FK8,B0BJDN3C6N|B0BGXWQLWL,,0,0.0,0.0,0.0,0.0,0.0,0.0
AGTFUGDWSM6SRFLCUZCFRDUVUTMA,1134,1,2,B0B93L6V3C|B0C2812FK8|B0BQ36KZH2|B0B7DSVGWJ|B0BFDBQ9LV|B0BHPD4Q2X|B0BXNW1ZWV|B0BPS63PXC|B0BJ2T1LQ5|B0BJ8RQ2S5,B0B123HXPS|B0BZJ8S1K9,,0,0.0,0.0,0.0,0.02,0.5,0.13373003436102654
AGRCB73M64B3F2TTIKOFRUYYAHXA,1106,2,2,B0B93L6V3C|B0C2812FK8|B0BQ36KZH2|B0BJ8RQ2S5|B0BHPD4Q2X|B0BVBXGTWM|B0BXNW1ZWV|B0BP6GBHYD|B0BLYZYG8N|B09J1ZY9H3,B0BSLJYN7J|B0C57B4JHV,,0,0.0,0.0,0.0,0.0,0.0,0.0
AGTDZ74HAY4CPYMBYISYRSS3IEBQ,1133,3,1,B0B93L6V3C|B0C2812FK8|B0BVBXGTWM|B0BHPD4Q2X|B0BPS63PXC|B0BMPWZGLQ|B0BXNW1ZWV|B0BFDBQ9LV|B0BJ2T1LQ5|B0B5DPLCM9,B0BR8KS18L,,0,0.0,0.0,0.0,0.0,0.0,0.0
AGSQ2TBMKE44P2VSD544HDFOSPMA,1126,1,3,B0B93L6V3C|B0B8S9VWXX|B0BXNW1ZWV|B0C2812FK8|B0BTSSZZTM|B0BQ36KZH2|B0B534DWCL|B0BHPD4Q2X|B0BPS63PXC|B0BBFVYZ3R,B0B8XYLMLV|B0BQY5HQB7|B0BSF35DN6,,0,0.0,0.0,0.0,0.02,0.3333333333333333,0.09008214357363754
AGSN7MAOZJCHEMJ6UWIIPUEBIDXQ,1125,2,3,B0B93L6V3C|B0C2812FK8|B0BJ2T1LQ5|B0BJ8RQ2S5|B0BHPD4Q2X|B0BXNW1ZWV|B0BFDBQ9LV|B0BTSSZZTM|B0BPS63PXC|B0BMPWZGLQ,B0C1V4LPMK|B0BLHBN9FK|B0CC32HVQY,,0,0.0,0.0,0.0,0.0,0.0,0.0
AGSMQV6R2OF4ZSEKMA2PDGXVACOQ,1124,2,1,B0B93L6V3C|B0BQ36KZH2|B0C2812FK8|B0BLYZYG8N|B0BN2VJQPP|B09Y8CV13K|B0BJ2T1LQ5|B0BXNW1ZWV|B0BJSM87QC|B0BHPD4Q2X,B0BZJ8S1K9,,0,0.0,0.0,0.0,0.02,1.0,0.25
AGSJ36XGUTNHKVVZDNNIY4CUBKSA,1122,2,1,B0B93L6V3C|B0BVBXGTWM|B0C2812FK8|B0BQ36KZH2|B0BNDBVDDZ|B0BHPD4Q2X|B0BJ2T1LQ5|B0BFDBQ9LV|B0BMPWZGLQ|B0B7DSVGWJ,B0BP2XZSWN,,0,0.0,0.0,0.0,0.0,0.0,0.0
AGNRWJMNVOGLXUQSJ6T2C5GY5JXA,1067,3,1,B0BFKQ32XM|B0CC8ZC5GW|B0BFKLD2M1|B0BQ36KZH2|B0BP6GBHYD|B0BLYZYG8N|B0BWDSBD8N|B0BN2VJQPP|B09N7Y7G85|B0BDHVLVYY,B0BFKN9WBF,,0,0.0,0.0,0.0,0.0,0.0,0.0
AHQN4YVZHLK7J7D6WYG6I3V5OUTQ,1524,1,2,B0B93L6V3C|B0C2812FK8|B0B7DSVGWJ|B0BHPD4Q2X|B0BPS63PXC|B0BJ8RQ2S5|B0BQ36KZH2|B0BFDBQ9LV|B0BP6GBHYD|B0BVBXGTWM,B0C1478ZNB|B0BXQ1WQNV,,0,0.0,0.0,0.0,0.0,0.0,0.0
AGRYOQGUD77PV2TAZSVWP4Z2VTXQ,1115,2,2,B0B93L6V3C|B0C2812FK8|B0BXNW1ZWV|B0BJSM87QC|B0BHPD4Q2X|B0BVBXGTWM|B0BQ36KZH2|B0B7DSVGWJ|B0BFDBQ9LV|B0BPS63PXC,B0BC7J5MJ3|B0BWLR9KZL,,0,0.0,0.0,0.0,0.0,0.0,0.0
AHTCTLY65WO4BYI4ACGYWMILFLHA,1556,2,3,B0B93L6V3C|B0C2812FK8|B0B7DSVGWJ|B0BJ2T1LQ5|B0BHPD4Q2X|B0BJSM87QC|B0BN2VJQPP|B0BFDBQ9LV|B0BXNW1ZWV|B0BPS63PXC,B0BQ36KZH2|B0C78JQ42N|B0BD99H6QJ,,0,0.0,0.0,0.0,0.0,0.0,0.0
AHTWO7Z6GD2E3CJRZHASVWM6VBLQ,1566,2,2,B0B93L6V3C|B0BHPD4Q2X|B0B7DSVGWJ|B0BFDBQ9LV|B0BPS63PXC|B09PY21GQ3|B0BJ8RQ2S5|B0BXNW1ZWV|B0BMPWZGLQ|B0BJ2T1LQ5,B0C6147THR|B0BQ3L4PGK,,0,0.0,0.0,0.0,0.02,0.5,0.11299618070315114
AHTGOIIAVZ7OZGXPHJM7CYLA6IMQ,1557,2,2,B0B93L6V3C|B0C2812FK8|B0BQ36KZH2|B0BTSSZZTM|B0BPS63PXC|B0BHPD4Q2X|B0BJ2T1LQ5|B0BJ8RQ2S5|B0B8S9VWXX|B0BVBXGTWM,B0BXNW1ZWV|B0BWDLCG6X,,0,0.0,0.0,0.0,0.02,0.5,0.11230971199864632
AGGUNH36MYQLIZNEJTNPQKWM37YQ,979,2,2,B0B93L6V3C|B0C2812FK8|B0BJ2T1LQ5|B0BHPD4Q2X|B0BFDBQ9LV|B0B7DSVGWJ|B0BPS63PXC|B0BXNW1ZWV|B0BVBXGTWM|B0BQML7KF8,B0BNT94P2F|B0C9D8SQD8,,0,0.0,0.0,0.0,0.02,0.5,0.11100575998665047
AGINOEQ2TKRFEMIG2ZPV3PMU4GHQ,996,2,2,B0C2812FK8|B0BJ2T1LQ5|B0BHPD4Q2X|B0BVBXGTWM|B0BFDBQ9LV|B0BPS63PXC|B0BXNW1ZWV|B0B7DSVGWJ|B0BNT94P2F|B0BGP9BY4W,B0B93L6V3C|B0BTJ2WV5H,,0,0.0,0.0,0.0,0.0,0.0,0.0
AHXI72TJSM3EXQUJDFZKLSV5SKIQ,1604,3,1,B0B93L6V3C|B0BQ36KZH2|B0C2812FK8|B0BN2VJQPP|B0BHPD4Q2X|B0BP6GBHYD|B0BXNW1ZWV|B0BLYZYG8N|B0B7DSVGWJ|B0BPS63PXC,B0BZJ8S1K9,,0,0.0,0.0,0.0,0.02,1.0,0.21274605355336318
AGIGZYOXSFZD5ARXBWU2HYCEMV3A,995,2,3,B0B93L6V3C|B0C2812FK8|B0BQ36KZH2|B0CC8ZC5GW|B0BHPD4Q2X|B0BJ2T1LQ5|B0BN2VJQPP|B0BP6GBHYD|B0BLYZYG8N|B0BVBXGTWM,B0C3YN96DN|B0BTYCNSKN|B0BTYC7YMK,,0,0.0,0.0,0.0,0.0,0.0,0.0
AGIEO6JWDTA7S4O3TJBOED52CMYA,993,1,2,B0B93L6V3C|B0C2812FK8|B0BJSM87QC|B0BFDBQ9LV|B0B9XNL1N4|B0B7DSVGWJ|B0BVBXGTWM|B0BQ36KZH2|B0BXNW1ZWV|B0BHPD4Q2X,B0BY8CSVK2|B0BRJZKTTK,,0,0.0,0.0,0.0,0.02,0.5,0.16569576576522954
AGI42DRCGEACXEULM467BPCUWWDA,990,3,1,B0B93L6V3C|B0C2812FK8|B0BGP9BY4W|B0BHPD4Q2X|B0BVBXGTWM|B0BFDBQ9LV|B0B7DSVGWJ|B0BPS63PXC|B0BXNW1ZWV|B0BMPWZGLQ,B0BJ7MSTT6,,0,0.0,0.0,0.0,0.0,0.0,0.0
AGHXB6EEKUABBUZCGHMI6WMYV65A,989,3,3,B017SAGDIM|B09RHNSVRS|B07KXBXYNV|B07H5T2QH6|B087DZ3MLD|B079TM3X2V|B07DYDSLMS|B0BCDVTGKV|B09YMT34GH|B07PDMZS36,B01I2N7G8K|B01I2N7G8K|B01I2N7G8K,,0,0.0,0.0,0.0,0.0,0.0,0.0
AGHTXYW74OHZGZVHM4JV5OBOTT6Q,987,1,3,B0B93L6V3C|B0C2812FK8|B0BXNW1ZWV|B0BQ36KZH2|B0BTSSZZTM|B0BVBXGTWM|B0BPS63PXC|B0BJ2T1LQ5|B0BHPD4Q2X|B0BJ8RQ2S5,B0B8J4Q894|B0BRKWP7FV|B0B123HXPS,,0,0.0,0.0,0.0,0.02,0.3333333333333333,0.1309019901681972
AGGWFLAKURQS7X5CIY3HTF4PPOKA,980,3,1,B0B93L6V3C|B0C2812FK8|B0BJ8RQ2S5|B0BJ2T1LQ5|B0BHPD4Q2X|B0BFDBQ9LV|B0BTSSZZTM|B0BGR86FW9|B0BPS63PXC|B0BMPWZGLQ,B0BLJX79MV,,0,0.0,0.0,0.0,0.0,0.0,0.0
AHYIZ2BDKM6WHEX27SLCD47SF5DA,1613,2,4,B0B93L6V3C|B0C2812FK8|B0BJ2T1LQ5|B0BVBXGTWM|B0BXNW1ZWV|B0BHPD4Q2X|B0BPS63PXC|B0BQ36KZH2|B0BFDBQ9LV|B0BJSM87QC,B0BGXWQLWL|B0BQVGX2L4|B0BKSMFK1M|B0BGL22M2J,,0,0.0,0.0,0.0,0.0,0.0,0.0
AGISGZTN2RXEYXEM6HHE5BK4KS2Q,998,7,4,B0B93L6V3C|B0C2812FK8|B0BVBXGTWM|B0BXNW1ZWV|B0BQ36KZH2|B0BHPD4Q2X|B0BJ8RQ2S5|B0BPS63PXC|B0BJ2T1LQ5|B0BP6GBHYD,B0BC347LQ7|B0BN283C8L|B0BKZ6MLCB|B0C6Y2V7J7,,0,0.0,0.0,0.0,0.0,0.0,0.0
AGG37AUDIKKRD3LOFTZCNBMFG7RQ,974,3,1,B0B93L6V3C|B0C2812FK8|B0BQ36KZH2|B0BJ2T1LQ5|B0BVBXGTWM|B0BHPD4Q2X|B0BXNW1ZWV|B0BPS63PXC|B0BLYZYG8N|B0BP6GBHYD,B0BNT94P2F,,0,0.0,0.0,0.0,0.0,0.0,0.0
AGFKTUCTFTGMXB7XVHYABSMUAW6A,967,4,3,B0B93L6V3C|B0C2812FK8|B0BHPD4Q2X|B0B7DSVGWJ|B0BQ36KZH2|B0BXNW1ZWV|B09PY21GQ3|B0BPS63PXC|B0BFDBQ9LV|B0BJ8RQ2S5,B0BHHK6T25|B0BJ9PTJTV|B0BPH4YH1J,,0,0.0,0.0,0.0,0.0,0.0,0.0
AGFGSG2A7KDLVXOC4BCAL7IPO7GQ,965,3,1,B0B93L6V3C|B0C2812FK8|B0BVBXGTWM|B0BQ36KZH2|B0BJ2T1LQ5|B0BPS63PXC|B0BXNW1ZWV|B0BN2VJQPP|B0BHPD4Q2X|B0BGP9BY4W,B0BPGZN7D1,,0,0.0,0.0,0.0,0.0,0.0,0.0
AGFBTYECFRNQOBZW75CPW65DWHQA,964,3,1,B0B93L6V3C|B0C2812FK8|B0BJ8RQ2S5|B0BXNW1ZWV|B0BDXZZG84|B0BNDBVDDZ|B0883CWZSZ|B0BVBXGTWM|B0BPS63PXC|B0BFDBQ9LV,B0BH81Q1MQ,,0,0.0,0.0,0.0,0.0,0.0,0.0
AGEVM3ZITDHTT7G3HT4ZHY6NYT3Q,961,1,4,B0B93L6V3C|B0C2812FK8|B0BHPD4Q2X|B0BQ36KZH2|B0B7DSVGWJ|B0BN2VJQPP|B0BP6GBHYD|B0BPS63PXC|B0BMPWZGLQ|B0BXNW1ZWV,B0C71MJ9LB|B0BK8VH1FF|B0BRC5CYFS|B0BM5KLB5J,,0,0.0,0.0,0.0,0.0,0.0,0.0
AGEIM3UGUC2YOBBLIE3LDW3R3PZQ,956,6,2,B0B93L6V3C|B09PN771HR|B0BVBXGTWM|B0BXNW1ZWV|B0BK7SC2VT|B0BJ2T1LQ5|B0C2812FK8|B0BFKLD2M1|B0BQ36KZH2|B09Y8CV13K,B0BJ6TZ8PC|B0BRVCLLKD,,0,0.0,0.0,0.0,0.02,0.5,0.14186890186599416
AHYKXPPXPFGDVEGYVZ6N452BG45A,1616,2,1,B0C53GVR1V|B0BLYZYG8N|B0B9XNL1N4|B0BFBLZZNG|B0BVBXGTWM|B0BN2VJQPP|B0BG87633S|B0BQ36KZH2|B0CC8ZC5GW|B09Y8CV13K,B0BT4KB7ZG,,0,0.0,0.0,0.0,0.0,0.0,0.0
AGDPQEEHKVHOOPOVQAMJFOU2SAYQ,951,4,1,B0B93L6V3C|B0C2812FK8|B0BQ36KZH2|B0BXNW1ZWV|B0BHPD4Q2X|B0BVBXGTWM|B0BJSM87QC|B0B8S9VWXX|B0BPS63PXC|B0BN2VJQPP,B0BLTK3K4K,,0,0.0,0.0,0.0,0.0,0.0,0.0
AHXG6MKV7JI3RQLPCHQOB5ALDAZA,1603,1,3,B0B93L6V3C|B0C2812FK8|B0BFDBQ9LV|B0B7DSVGWJ|B0BJ2T1LQ5|B0BJSM87QC|B0BXNW1ZWV|B0BHPD4Q2X|B0BPS63PXC|B0BLNKJRKN,B0BBM2GX9G|B0BWF5N4Y6|B0C6147THR,,0,0.0,0.0,0.0,0.02,0.3333333333333333,0.08702728145052864
AGITJCPXOF57COBD7XKC3LXJVALA,999,2,2,B0B93L6V3C|B0C2812FK8|B0BTSSZZTM|B0C1V8YJ1J|B0BGP9BY4W|B0B8YYS6G2|B09Y8CV13K|B0BJ2T1LQ5|B0BJVHW36M|B0B7DSVGWJ,B0B7X8TMR5|B0CBYLKBP3,,0,0.0,0.0,0.0,0.0,0.0,0.0
AHTKYVN7G33EVZG5PCCNFFYVTGWQ,1561,1,3,B0B93L6V3C|B0C2812FK8|B0BVBXGTWM|B0BJ2T1LQ5|B0BPS63PXC|B0B7DSVGWJ|B0BN2VJQPP|B0BXNW1ZWV|B0BHPD4Q2X|B0BGP9BY4W,B0BQ36KZH2|B09QX7K51W|B0BKVLYD33,,0,0.0,0.0,0.0,0.0,0.0,0.0
AGMQEZJA6F76RQWBEC5SH5YTXEUQ,1051,2,2,B0B93L6V3C|B0C2812FK8|B0BXNW1ZWV|B0BQ36KZH2|B0BHPD4Q2X|B0BVBXGTWM|B0B8S9VWXX|B0BJ2T1LQ5|B0BTSSZZTM|B0BPS63PXC,B0BBFVYZ3R|B0BM5KLB5J,,0,0.0,0.0,0.0,0.0,0.0,0.0
AGNOAZKIV6WI7L26OTAPZT2Q3INA,1065,3,2,B0B93L6V3C|B0C2812FK8|B0BXNW1ZWV|B0BFDBQ9LV|B0B7DSVGWJ|B0BPS63PXC|B0BTSSZZTM|B0BJ8RQ2S5|B0BVBXGTWM|B0BJVHW36M,B0BNDBVDDZ|B0B66S4WQN,,0,0.0,0.0,0.0,0.0,0.0,0.0
AGWODMI27BFW7AT32QGO2WMISBHQ,1173,3,3,B0BKR6ZWGY|B0BVBXGTWM|B0BVBB57K1|B0BFG48PDQ|B0B2J78TVV|B09FN7RN34|B0BK7SC2VT|B082P956YT|B0BJSM87QC|B01I0W2Y3U,B07PNYQ1LX|B07PNYQ1LX|B07PNYQ1LX,,0,0.0,0.0,0.0,0.0,0.0,0.0
AGNDNOM37CLPID4BOQPBNX2PMLWQ,1063,3,1,B07QMFG3T1|B07QBYDB2C|B07Q7B99CK|B07QMFN7SB|B07QB1M1M4|B07Q8FFF6R|B07Q8G46CV|B09VDVXVLY|B095YQY3HS|B0BF59LWP7,B0BHC2JZ2L,,0,0.0,0.0,0.0,0.0,0.0,0.0
AHU64JRRXSKU7YD26J44OU563MDA,1568,3,1,B0B93L6V3C|B0C2812FK8|B0BHPD4Q2X|B0BXNW1ZWV|B0BJ2T1LQ5|B0BJSM87QC|B0BMPWZGLQ|B0BVBXGTWM|B0B7DSVGWJ|B0BFDBQ9LV,B0BL3KVZNF,,0,0.0,0.0,0.0,0.0,0.0,0.0
AHUL3YQQDF3S64RMUTNAEDHV45NQ,1572,3,1,B0B93L6V3C|B0C2812FK8|B0BHPD4Q2X|B0B7DSVGWJ|B0BJ8RQ2S5|B0BPS63PXC|B0BFDBQ9LV|B0BMPWZGLQ|B0BQ36KZH2|B0BVBXGTWM,B0BS2NX3G9,,0,0.0,0.0,0.0,0.0,0.0,0.0
AHUMOGSD3BFQPZERYZARWFMZXOTA,1573,2,1,B0B93L6V3C|B0BF59LWP7|B0BTSSZZTM|B0BVBXGTWM|B0BXNW1ZWV|B0C2812FK8|B0BJ2T1LQ5|B0BPS63PXC|B0BRKWP7FV|B0BGP9BY4W,B0BTJCWQWW,,0,0.0,0.0,0.0,0.02,1.0,0.1965616322328226
AGNAB4RFOJV4NBS63LE5JTQCCY6A,1059,1,3,B0B93L6V3C|B0C2812FK8|B0BVBXGTWM|B0BJ8RQ2S5|B0BHPD4Q2X|B0BJSM87QC|B0BMPWZGLQ|B0BQ36KZH2|B0BFDBQ9LV|B0CBV5RJXG,B094DVQ9ML|B0BRTM7D2D|B0B999X5LT,,0,0.0,0.0,0.0,0.0,0.0,0.0
AHW5YTFR3NH5JC2FAP5IPORC4M4Q,1589,3,2,B0C2812FK8|B0B93L6V3C|B0BHPD4Q2X|B0BJ8RQ2S5|B0BQ36KZH2|B0BMPWZGLQ|B0BP6GBHYD|B0BFDBQ9LV|B0BPS63PXC|B0B7DSVGWJ,B09XDRFX2Q|B0C9D8SQD8,,0,0.0,0.0,0.0,0.0,0.0,0.0
AGMA3KNRQPP32VSVSCOHVCZ5VJBA,1045,2,1,B0BLYZYG8N|B0B93L6V3C|B0BQ36KZH2|B0BCMPR6MH|B0C2812FK8|B0BN2VJQPP|B0BHQJ2BL9|B0BJSM87QC|B09613N9S9|B0BHPD4Q2X,B0BS19FS15,,0,0.0,0.0,0.0,0.02,1.0,0.1905514124267734
AHWYESJYTZRIWSPATUPW5T74EOFQ,1596,3,4,B0B93L6V3C|B0C2812FK8|B0BXNW1ZWV|B0BQ36KZH2|B0BTSSZZTM|B0B7DSVGWJ|B0BFDBQ9LV|B0BP6GBHYD|B0BN2VJQPP|B0BPS63PXC,B0BNDBVDDZ|B0BJ7MSTT6|B0BL8HZQHQ|B0BZJ8S1K9,,0,0.0,0.0,0.0,0.02,0.25,0.10253313861822189
AHWC5DMEYQW7BQZOBWOEWUB4APUA,1592,2,3,B0B93L6V3C|B0C2812FK8|B0BJ8RQ2S5|B0BHPD4Q2X|B0BXNW1ZWV|B0BJ2T1LQ5|B0BPS63PXC|B0BVBXGTWM|B0BQ36KZH2|B0BMPWZGLQ,B0BNT94P2F|B0BZJ8S1K9|B0C6Y2V7J7,,0,0.0,0.0,0.0,0.02,0.3333333333333333,0.0976168253917686
AGM5UVKRO3MIVSVLCIVQOGIIOKQA,1044,3,2,B0B93L6V3C|B0C2812FK8|B0BTSSZZTM|B0BPS63PXC|B0BJ8RQ2S5|B0BFKLD2M1|B0BJ2T1LQ5|B09PY21GQ3|B0B7DSVGWJ|B0BP6GBHYD,B0BXNW1ZWV|B0B5L9FF57,,0,0.0,0.0,0.0,0.0,0.0,0.0
AGLMMEIGW3NA4FWLTCB23KN5HR5A,1038,4,2,B0B93L6V3C|B0BXNW1ZWV|B0BVBXGTWM|B0C2812FK8|B0BQ36KZH2|B0BJ2T1LQ5|B0BN2VJQPP|B0BPS63PXC|B0BF59LWP7|B0BRKWP7FV,B0BTSSZZTM|B0C57B4JHV,,0,0.0,0.0,0.0,0.0,0.0,0.0
AGLKDICPAEOOAAFZPVR4QAHK5L7Q,1036,7,4,B0BHPD4Q2X|B0BFDBQ9LV|B0BJSM87QC|B0B7DSVGWJ|B0BPS63PXC|B0BJ2T1LQ5|B0BXNW1ZWV|B0BQ36KZH2|B09PY21GQ3|B0BJ8RQ2S5,B0BLKKR8SP|B0BPHH89HV|B0BKSMFK1M|B0BSBBQBCR,,0,0.0,0.0,0.0,0.0,0.0,0.0
AGK3JJI2Y3IZAJEKVQU6UCV3YFRA,1014,2,1,B0B93L6V3C|B0C2812FK8|B0BXNW1ZWV|B0B8S9VWXX|B0BTSSZZTM|B0BJ2T1LQ5|B0BHPD4Q2X|B0BVBXGTWM|B0B534DWCL|B0BQ36KZH2,B0BGXWQLWL,,0,0.0,0.0,0.0,0.02,1.0,0.18665241123894338
AGJXLJHQB2CCUUCWQ4WQSPC7GMFQ,1012,1,3,B0B93L6V3C|B0C2812FK8|B0BQ36KZH2|B0BVBXGTWM|B0BN2VJQPP|B0BJ2T1LQ5|B0BHPD4Q2X|B0BLYZYG8N|B0BXNW1ZWV|B0BJSM87QC,B0BJV97GBX|B0CCVB4W21|B0B5Y7PMWQ,,0,0.0,0.0,0.0,0.04,0.6666666666666666,0.24057552069841265
AGJW5QEUXJZ4RLGZ2EDHV4VOZD3Q,1009,4,1,B0B93L6V3C|B0BVBXGTWM|B0BHPD4Q2X|B0BPS63PXC|B0BJ2T1LQ5|B0BXNW1ZWV|B0BFDBQ9LV|B0BMPWZGLQ|B0B7DSVGWJ|B0BTSSZZTM,B0BRKWP7FV,,0,0.0,0.0,0.0,0.0,0.0,0.0
AGJS6OOACUGZH62LIKLRX5IM2HKA,1008,1,3,B0B93L6V3C|B0C2812FK8|B0BVBXGTWM|B0BXNW1ZWV|B0BFDBQ9LV|B0BHPD4Q2X|B0BJ2T1LQ5|B0B7DSVGWJ|B0BTSSZZTM|B0BPS63PXC,B0BKSMFK1M|B0BLJX79MV|B0BSG2N91N,,0,0.0,0.0,0.0,0.0,0.0,0.0
AGWLDTVROJYH3XYIK6Z5Y75X23UQ,1170,2,1,B0BLYZYG8N|B0BFKQ32XM|B0B93L6V3C|B0BQ36KZH2|B0BFKN9WBF|B0CC8ZC5GW|B0C2812FK8|B09613N9S9|B0BFKLD2M1|B0BN2VJQPP,B0BWDSBD8N,,0,0.0,0.0,0.0,0.02,1.0,0.23981246656813146
AGXMZ3YINXOGB22YUBRQTVMCTQKA,1187,1,3,B0B93L6V3C|B0C2812FK8|B0BQ36KZH2|B0BJ8RQ2S5|B0BJ2T1LQ5|B0BHPD4Q2X|B0BXNW1ZWV|B0BVBXGTWM|B0BPS63PXC|B0BN2VJQPP,B0BRVCLLKD|B0BDHVLVYY|B0BTJBQJ8M,,0,0.0,0.0,0.0,0.02,0.3333333333333333,0.08272981973873896
AGWOZ5Y6I6XL3XLF6GNJTID56SMA,1175,1,2,B0B93L6V3C|B0BTSSZZTM|B0C2812FK8|B0BJ2T1LQ5|B0BFDBQ9LV|B0BNT94P2F|B0C9D8SQD8|B0B534DWCL|B0BJVHW36M|B0BHF8T84Q,B0BQR24Z5R|B0BV7JF6GG,,0,0.0,0.0,0.0,0.02,0.5,0.12262943855309168
AGWXUEZXZVEH7HTAZLBOCMO62COA,1179,3,2,B0BFKN9WBF|B0BQ36KZH2|B0B93L6V3C|B0C2812FK8|B0CC8ZC5GW|B0BN2VJQPP|B0BKFLXF98|B0BP6GBHYD|B0BXNW1ZWV|B0BNDBVDDZ,B0BFKQ32XM|B0BFKLD2M1,,0,0.0,0.0,0.0,0.0,0.0,0.0
AHMA7L5MZDMV4BA7VCTZS54L4STA,1460,3,1,B0B93L6V3C|B0BTSSZZTM|B0C2812FK8|B0BVBXGTWM|B0BXNW1ZWV|B0BJ2T1LQ5|B0BNDBVDDZ|B0BPS63PXC|B0BF59LWP7|B0BFDBQ9LV,B0BWRK31R3,,0,0.0,0.0,0.0,0.0,0.0,0.0
AHFL7ETQCMTBTOUJN74QPTLDFLCA,1372,3,1,B0B93L6V3C|B0BJ2T1LQ5|B0C2812FK8|B0BGP9BY4W|B0BHPD4Q2X|B0BFDBQ9LV|B0BJ8RQ2S5|B0BPS63PXC|B0BTSSZZTM|B0BXNW1ZWV,B0BGR86FW9,,0,0.0,0.0,0.0,0.0,0.0,0.0
AHMS46HUYVCSWYSQXYHYSXYQ2NJA,1463,2,2,B0B93L6V3C|B0C2812FK8|B0BLYZYG8N|B0BJ8RQ2S5|B0BQ36KZH2|B0BHPD4Q2X|B0BN2VJQPP|B0BP6GBHYD|B0BMPWZGLQ|B0BXNW1ZWV,B0CBV5RJXG|B0BTYCNSKN,,0,0.0,0.0,0.0,0.0,0.0,0.0
AHF4ZJ737G4BLJV452344Q4MPUGQ,1367,6,1,B0CC8ZC5GW|B0BQ36KZH2|B0BFKQ32XM|B0C2812FK8|B0BFKN9WBF|B0BFKLD2M1|B0BP6GBHYD|B0BN2VJQPP|B0BLYZYG8N|B0B93L6V3C,B09J1ZY9H3,,0,0.0,0.0,0.0,0.0,0.0,0.0
AHF23AD5KQB5KAXCKBQ5AJWPSAMA,1365,3,1,B0B93L6V3C|B0C2812FK8|B0BXNW1ZWV|B0BQ36KZH2|B0BJ8RQ2S5|B0BPS63PXC|B0BJ2T1LQ5|B0BNDBVDDZ|B0BTSSZZTM|B0BHPD4Q2X,B0BKGPG66Y,,0,0.0,0.0,0.0,0.0,0.0,0.0
AHET3T2YRNGRMPUFYNF74V3YCUWQ,1363,1,3,B0B93L6V3C|B0C2812FK8|B0BQ36KZH2|B0BXNW1ZWV|B0BVBXGTWM|B0BHPD4Q2X|B0BN2VJQPP|B0BJ8RQ2S5|B0BJ2T1LQ5|B0BP6GBHYD,B0BNDBVDDZ|B0BZJ8S1K9|B0B7QPKQ1K,,0,0.0,0.0,0.0,0.04,0.6666666666666666,0.2346429647765799
AHEG7ND2YDXBCXB2KOAVI6PBRX2Q,1357,5,1,B0C2812FK8|B0BHPD4Q2X|B0BJ2T1LQ5|B0BVBXGTWM|B0BFDBQ9LV|B0B7DSVGWJ|B0BMPWZGLQ|B0BPS63PXC|B0BJ8RQ2S5|B0BGP9BY4W,B0C2K1QDPF,,0,0.0,0.0,0.0,0.0,0.0,0.0
AHE6GGJ3NFFKENNTM567RNC33BWA,1356,2,1,B0B93L6V3C|B0C2812FK8|B0B7DSVGWJ|B0BFDBQ9LV|B09PY21GQ3|B0BLNKJRKN|B0BPS63PXC|B0BQML7KF8|B0BNYT4BVN|B0BMPWZGLQ,B0C9D8SQD8,,0,0.0,0.0,0.0,0.02,1.0,0.18208790046993825
AHE3DPVBJHH5Q2GDJX7QE2CIN5AQ,1354,11,3,B0B93L6V3C|B0C2812FK8|B0BTSSZZTM|B0BJVHW36M|B0BDXZZG84|B0BXNW1ZWV|B0C1V8YJ1J|B09PY21GQ3|B0BPS63PXC|B0BVBXGTWM,B0BHF8T84Q|B0C1B5CY4X|B0BH81Q1MQ,,0,0.0,0.0,0.0,0.02,0.3333333333333333,0.09008214357363754
AHE2MPPG5VQMXOEBLUTMFR6SHUNQ,1353,1,2,B0B93L6V3C|B0C2812FK8|B0BJ2T1LQ5|B0BFDBQ9LV|B0BTSSZZTM|B0BGP9BY4W|B0BCHTPNFD|B0BPS63PXC|B0B7DSVGWJ|B0BHPD4Q2X,B08WPN8K9K|B0C78JQ42N,,0,0.0,0.0,0.0,0.0,0.0,0.0
AHMVA54FAK2G3WNKWLAXP73HZXLA,1468,2,2,B0B93L6V3C|B0C2812FK8|B0BJ2T1LQ5|B0BHPD4Q2X|B0BXNW1ZWV|B0BQ36KZH2|B0BVBXGTWM|B0BLYZYG8N|B0BPS63PXC|B0BGP9BY4W,B0BGR86FW9|B0BBL2Y2D9,,0,0.0,0.0,0.0,0.04,1.0,0.263088784905912
AHDNI56UD644RLEQNK7RNC4GDTHQ,1350,5,4,B0B93L6V3C|B0BJ8RQ2S5|B0C2812FK8|B0BVBXGTWM|B0BQ36KZH2|B09J1ZY9H3|B0BXNW1ZWV|B0BPS63PXC|B0BDV6S428|B0BN2VJQPP,B0B3DQV4XJ|B0BJ7JGTVJ|B0B6QCY4F5|B01N07VAYJ,,0,0.0,0.0,0.0,0.0,0.0,0.0
AHD5ZBCM6SPOGTO6Y4ECS77ITUVA,1347,1,3,B0B93L6V3C|B0C2812FK8|B0BHPD4Q2X|B0B7DSVGWJ|B0BQ36KZH2|B0BPS63PXC|B0BXNW1ZWV|B0BJ2T1LQ5|B0BFDBQ9LV|B09PY21GQ3,B0BLNG8FPQ|B0BWLR9KZL|B0BRN5LK4F,,0,0.0,0.0,0.0,0.0,0.0,0.0
AHD3BMZ3BZKWFZZWSNSEFEYKTC7Q,1344,1,7,B0B93L6V3C|B0C2812FK8|B0BJ2T1LQ5|B0BFDBQ9LV|B0BHPD4Q2X|B0BVBXGTWM|B0BGP9BY4W|B0B7DSVGWJ|B0BPS63PXC|B0BXNW1ZWV,B0B9M7B73Y|B0BLKKR8SP|B0BCHTPNFD|B0BGR86FW9|B0BNT94P2F|B0BN43GN7J|B0BT4WZ86F,,0,0.0,0.0,0.0,0.1,0.7142857142857143,0.3068668027491539
AHCZ6GODKCCA6IB2TOIPRDK2JQXQ,1343,2,1,B0B93L6V3C|B0C2812FK8|B0BGP9BY4W|B0BVBXGTWM|B0BJ2T1LQ5|B0BJ8RQ2S5|B0BFDBQ9LV|B0BPS63PXC|B0BHPD4Q2X|B0BXNW1ZWV,B0BKVLYD33,,0,0.0,0.0,0.0,0.0,0.0,0.0
AHCOLUDBYT4N5OEU73F6IBXDTHTA,1339,4,2,B0B93L6V3C|B0C2812FK8|B0BXNW1ZWV|B0BVBXGTWM|B0BQ36KZH2|B0BTSSZZTM|B0BJ2T1LQ5|B0BPS63PXC|B0B7DSVGWJ|B0BHPD4Q2X,B0BN283C8L|B0BM5KLB5J,,0,0.0,0.0,0.0,0.0,0.0,0.0
AHCMVCKFVROQ276R6ZZMG46A4FDQ,1337,2,5,B0B93L6V3C|B0C2812FK8|B0BXNW1ZWV|B0BTSSZZTM|B0BJ2T1LQ5|B0BVBXGTWM|B0BPS63PXC|B0BJ8RQ2S5|B0BF59LWP7|B0BQ36KZH2,B0BKGPG66Y|B0BNDBVDDZ|B0BRXBFJT4|B0BGXWQLWL|B0BWDTXVFJ,,0,0.0,0.0,0.0,0.02,0.2,0.06560253875617089
AHCLIDPL6OI3LWPULCTGUBWAVILQ,1336,2,3,B0B93L6V3C|B0C2812FK8|B0B7DSVGWJ|B0BHPD4Q2X|B0BJ2T1LQ5|B0BVBXGTWM|B0BJ8RQ2S5|B0BPS63PXC|B0BMPWZGLQ|B0BQML7KF8,B0BCQYR754|B0BDHVLVYY|B0C2K1QDPF,,0,0.0,0.0,0.0,0.0,0.0,0.0
AHCLAKHKBVWPV453YBLT3BOYVLNA,1335,3,5,B0B93L6V3C|B0C2812FK8|B0BXNW1ZWV|B0BJ8RQ2S5|B0BVBXGTWM|B0BHPD4Q2X|B0BPS63PXC|B0BN2VJQPP|B0BJ2T1LQ5|B0BTSSZZTM,B0BKY2VN67|B0BRKWP7FV|B0BSF35DN6|B0BDHVLVYY|B0BR8KS18L,,0,0.0,0.0,0.0,0.0,0.0,0.0
AHGCKDTI3APAKE5IOVZDHANO35FQ,1382,7,5,B0B93L6V3C|B0BXNW1ZWV|B0C2812FK8|B0BQ36KZH2|B0BTSSZZTM|B0BNDBVDDZ|B0BVBXGTWM|B0BK7SC2VT|B0BPS63PXC|B0BJ2T1LQ5,B0B87NCR8B|B0BKGPG66Y|B0BPPNNRC1|B0BMX3KQ5W|B0CBVCXMC4,,0,0.0,0.0,0.0,0.0,0.0,0.0
AHGFV6IU4XC52KHHO4TZHSDYZWHQ,1385,3,4,B0B93L6V3C|B0BVBXGTWM|B0BTSSZZTM|B0BXNW1ZWV|B0C2812FK8|B0BJ2T1LQ5|B0BGXWQLWL|B0B8YYS6G2|B0BNT94P2F|B0BPS63PXC,B0BHLCPMKC|B0BKZ6MLCB|B0BF59LWP7|B0BQ5L53W9,,0,0.0,0.0,0.0,0.0,0.0,0.0
AHGOJWPLZBJHW5AYKOYGYBCMA4XQ,1387,2,2,B0B93L6V3C|B0C2812FK8|B0BJ2T1LQ5|B0BXNW1ZWV|B0BFDBQ9LV|B0BVBXGTWM|B0BHPD4Q2X|B0BPS63PXC|B0BTSSZZTM|B0B7DSVGWJ,B0BGXWQLWL|B0CBXSM1RF,,0,0.0,0.0,0.0,0.0,0.0,0.0
AHK7JDRLRK4IL3K3XIJZCNE22JKQ,1425,7,1,B0B93L6V3C|B0C2812FK8|B0BJ8RQ2S5|B0BQ36KZH2|B0BXNW1ZWV|B0B7DSVGWJ|B0BPS63PXC|B0BHPD4Q2X|B0BFDBQ9LV|B0BP6GBHYD,B0BNDBVDDZ,,0,0.0,0.0,0.0,0.0,0.0,0.0
AHLJDBKFFEOTSI3Z4P7GXJNFPDDA,1448,3,4,B0B93L6V3C|B0BK7SC2VT|B0BTSSZZTM|B0BXNW1ZWV|B0BNDBVDDZ|B0BQ36KZH2|B0BVBXGTWM|B0C2812FK8|B0BJ2T1LQ5|B09TSHG1Q4,B0BPMB3M2C|B0B87NCR8B|B0BKGPG66Y|B0C6F19MRQ,,0,0.0,0.0,0.0,0.0,0.0,0.0
AHLEX6ZMIWNPATDJISOKJOJ2W4DA,1446,3,1,B0B93L6V3C|B0C2812FK8|B0BTSSZZTM|B0BVBXGTWM|B0BXNW1ZWV|B0BJ8RQ2S5|B0BFDBQ9LV|B0BJ2T1LQ5|B0BPS63PXC|B0BHPD4Q2X,B0BRTM7D2D,,0,0.0,0.0,0.0,0.0,0.0,0.0
AHLPCT3XBVDHRPQGWJWRCCVN7VVQ,1451,5,3,B0B93L6V3C|B0C2812FK8|B0BJSM87QC|B0BFDBQ9LV|B0BQ36KZH2|B0BJ2T1LQ5|B0BHPD4Q2X|B0B7DSVGWJ|B0BVBXGTWM|B0BPS63PXC,B0BXNW1ZWV|B0BRN1793B|B0C9D8SQD8,,0,0.0,0.0,0.0,0.0,0.0,0.0
AHKYM3F642QTM4GH3K5GAGIARXSA,1441,6,4,B0B93L6V3C|B0C2812FK8|B0BHPD4Q2X|B0BLYZYG8N|B0BXNW1ZWV|B0B7DSVGWJ|B0BN2VJQPP|B0BPS63PXC|B0BP6GBHYD|B0BJ2T1LQ5,B0BBQXC87Q|B0BJJ728F6|B0BKSMFK1M|B0BRC5CYFS,,0,0.0,0.0,0.0,0.0,0.0,0.0
AHKVLSY77S2GHXNCKP3WU4C7YBTA,1440,1,2,B0B8S9VWXX|B0B8XYLMLV|B0B534DWCL|B0B2J78TVV|B0BXNW1ZWV|B0BTSSZZTM|B0B7875RH7|B0779MS18Z|B07Q5VQ391|B0BC7J5MJ3,B0BPPNNRC1|B0BP73448C,,0,0.0,0.0,0.0,0.02,0.5,0.11038570254939233
AHKVIZZ7ILOTEGQ5TZ2NVNGOESBA,1439,1,2,B0B93L6V3C|B0C2812FK8|B0BVBXGTWM|B0BJ8RQ2S5|B0BHPD4Q2X|B0BXNW1ZWV|B0BPS63PXC|B0BQ36KZH2|B0BJ2T1LQ5|B0B7DSVGWJ,B0BTYCNSKN|B0BN4QD83H,,0,0.0,0.0,0.0,0.0,0.0,0.0
AHKOXLMLPE76764EZPSR3GLR2SXQ,1434,3,3,B0B93L6V3C|B0C2812FK8|B0BQ36KZH2|B0BXNW1ZWV|B0BN2VJQPP|B0BVBXGTWM|B0BP6GBHYD|B0BPS63PXC|B0BJ8RQ2S5|B0BHPD4Q2X,B0B87NCR8B|B0BNDBVDDZ|B0BDHVLVYY,,0,0.0,0.0,0.0,0.0,0.0,0.0
AHKISUS6SE5XI5HG7AVVUBZQZDAQ,1430,4,4,B0B93L6V3C|B0C2812FK8|B0BLYZYG8N|B0BXNW1ZWV|B0BP6GBHYD|B0BHPD4Q2X|B0BTSSZZTM|B0BJSM87QC|B0BNDBVDDZ|B0BVBXGTWM,B0BQ36KZH2|B0BN2VJQPP|B0BHKT8156|B0BF984LP1,,0,0.0,0.0,0.0,0.0,0.0,0.0
AHJN3LORJZKUM7QD5BDX7G7RCGBQ,1420,4,1,B0B93L6V3C|B0BQ36KZH2|B0BLYZYG8N|B0BFKQ32XM|B0C2812FK8|B0BHPD4Q2X|B0BVBXGTWM|B0BFKN9WBF|B0BP6GBHYD|B0BN2VJQPP,B0B6V1N8V8,,0,0.0,0.0,0.0,0.0,0.0,0.0
AHGVWHRL6LVQ2B7YLLRXBCY5GONQ,1391,2,4,B0C2812FK8|B0BJ2T1LQ5|B0BHPD4Q2X|B0BFDBQ9LV|B0BGP9BY4W|B0BVBXGTWM|B0BPS63PXC|B0B7DSVGWJ|B0BXNW1ZWV|B0BQML7KF8,B0B93L6V3C|B0BNT94P2F|B0BWFBCMZC|B0C6147THR,,0,0.0,0.0,0.0,0.04,0.5,0.1432081288791405
AHJI3RM6K2OB5OQ35AAGIEJQO62A,1419,2,2,B0B93L6V3C|B0C2812FK8|B0BTSSZZTM|B0BXNW1ZWV|B0BQ36KZH2|B0BVBXGTWM|B0BJ2T1LQ5|B0BN2VJQPP|B09Y8CV13K|B0BNDBVDDZ,B0BQJFLTV2|B0BC4TWDJQ,,0,0.0,0.0,0.0,0.0,0.0,0.0
AHI5IDCBMXBOLISKHN6BCCWU3BIQ,1406,2,2,B0B93L6V3C|B0C2812FK8|B0BJ2T1LQ5|B0BHPD4Q2X|B0BFDBQ9LV|B0BPS63PXC|B0BXNW1ZWV|B0BVBXGTWM|B0BQ36KZH2|B0BGP9BY4W,B0B7DSVGWJ|B0C3YN96DN,,0,0.0,0.0,0.0,0.0,0.0,0.0
AHI2D55H4W4NIAPKFX63TBAYUXEA,1404,2,1,B0B93L6V3C|B0C2812FK8|B0BJ2T1LQ5|B0BHPD4Q2X|B0BXNW1ZWV|B0BPS63PXC|B0BQ36KZH2|B0BMPWZGLQ|B0BN2VJQPP|B0BTSSZZTM,B0B4BPSL2S,,0,0.0,0.0,0.0,0.0,0.0,0.0
AHHR5GFLMAO7KWTMKF4537K6AJIQ,1401,3,2,B0BJ8RQ2S5|B0B93L6V3C|B0C2812FK8|B09J1ZY9H3|B0883CWZSZ|B0BBTH41DS|B0B5CMTNZK|B0CBV5RJXG|B01N6YKJ8O|B0BJPDMWYR,B0BCQYR754|B0BRX9C4L7,,0,0.0,0.0,0.0,0.0,0.0,0.0
AHHLN3OCYJ53M2OVEJXWJFB4BC7Q,1397,3,2,B0B93L6V3C|B0BTSSZZTM|B0BVBXGTWM|B0BXNW1ZWV|B0BJ2T1LQ5|B0C2812FK8|B0BRKWP7FV|B0BGXWQLWL|B0BPS63PXC|B0BNT94P2F,B0BF59LWP7|B0BJQ46494,,0,0.0,0.0,0.0,0.0,0.0,0.0
AHLYYRJ4SZZVOBUYKCFNVQ3FRCTQ,1455,1,3,B0B93L6V3C|B0C2812FK8|B0BFDBQ9LV|B0BHPD4Q2X|B0B7DSVGWJ|B0BJ2T1LQ5|B0BPS63PXC|B0BVBXGTWM|B0BJ8RQ2S5|B0BMPWZGLQ,B0C2K1QDPF|B0BP6D9YK4|B0BRX9C4L7,,0,0.0,0.0,0.0,0.0,0.0,0.0
AHM23IQDPQIAKOI5NPJAUSPJHJWA,1457,2,3,B0B93L6V3C|B0BXNW1ZWV|B0C2812FK8|B0BVBXGTWM|B0BJ2T1LQ5|B0BRKWP7FV|B0BPS63PXC|B0BF59LWP7|B0BJVHW36M|B0B8S9VWXX,B0BBM2GX9G|B0BTSSZZTM|B0BTSSZZTM,,0,0.0,0.0,0.0,0.0,0.0,0.0
AHHA63OFIQ3MZ2DGFJAY7BFLGLXA,1392,4,4,B0B93L6V3C|B0C2812FK8|B0BLYZYG8N|B0BQ36KZH2|B0BJ8RQ2S5|B0BVBXGTWM|B0BHPD4Q2X|B0BXNW1ZWV|B0CC8ZC5GW|B0BJ2T1LQ5,B09PN8DKC9|B0B7QPKQ1K|B0C1V8YJ1J|B0B73XYMKN,,0,0.0,0.0,0.0,0.02,0.25,0.09189894336865458
AHBVJ6Q6ZZ3PUMMBJAUM53TPRRGQ,1326,4,3,B0B93L6V3C|B0C2812FK8|B0BQ36KZH2|B0BN2VJQPP|B0BXNW1ZWV|B0BTSSZZTM|B0BNDBVDDZ|B0BGP9BY4W|B0BP6GBHYD|B0BJ2T1LQ5,B0C5WH28Z7|B0B7X8TMR5|B0BC4TWDJQ,,0,0.0,0.0,0.0,0.0,0.0,0.0
AHBC62MAWTVKCGKXPS4WNQC4H4FQ,1318,2,1,B0B93L6V3C|B0BVBXGTWM|B0C2812FK8|B09PN771HR|B0BK7SC2VT|B0BNDBVDDZ|B0BJ2T1LQ5|B0BJ8RQ2S5|B0BXNW1ZWV|B09Y8CV13K,B0BKVLYD33,,0,0.0,0.0,0.0,0.0,0.0,0.0
AHB3JE6EOEN4JE4H2POBENCZXY6Q,1314,1,4,B0B93L6V3C|B0C2812FK8|B0BJ2T1LQ5|B0BHPD4Q2X|B0BXNW1ZWV|B0BFDBQ9LV|B0BPS63PXC|B0BVBXGTWM|B0B7DSVGWJ|B0BQ36KZH2,B0BM5KLB5J|B0CBZHRZDY|B0B999X5LT|B0C6147THR,,0,0.0,0.0,0.0,0.02,0.25,0.06989841918216891
AGZSKB3TK4PUMWEQHCYVWAY6MB4Q,1209,3,1,B0B93L6V3C|B0C2812FK8|B0BHPD4Q2X|B0BJ8RQ2S5|B0BJ2T1LQ5|B0BPS63PXC|B0BMPWZGLQ|B0BVBXGTWM|B0B7DSVGWJ|B0BGP9BY4W,B0BRX9GTR9,,0,0.0,0.0,0.0,0.0,0.0,0.0
AH4IHBKDKX2GDJLGTFHRYE7GZDJQ,1252,2,4,B0B93L6V3C|B0C2812FK8|B0BXNW1ZWV|B0BVBXGTWM|B0BJ2T1LQ5|B0BTSSZZTM|B0BHPD4Q2X|B0BPS63PXC|B0BQ36KZH2|B0BGP9BY4W,B0B4BPSL2S|B0BNT94P2F|B0BRKWP7FV|B0C9D8SQD8,,0,0.0,0.0,0.0,0.04,0.5,0.20440045193094003
AH3QZO5KXTCDQOPV3OKJGYSBXUJQ,1243,3,1,B0B93L6V3C|B0C2812FK8|B0BQ36KZH2|B0BN2VJQPP|B0BLYZYG8N|B0BXNW1ZWV|B0BHPD4Q2X|B0BJ2T1LQ5|B0BPS63PXC|B0BJSM87QC,B0BSF35DN6,,0,0.0,0.0,0.0,0.02,1.0,0.18665241123894338
AH2XEVHCG64ITTK6QH4Q3AUUTEOA,1228,2,1,B0B93L6V3C|B0C2812FK8|B0BJ2T1LQ5|B0BVBXGTWM|B0BHPD4Q2X|B0BXNW1ZWV|B0BFDBQ9LV|B0BPS63PXC|B0BGP9BY4W|B0B7DSVGWJ,B0BTJBQJ8M,,0,0.0,0.0,0.0,0.0,0.0,0.0
AH2OAI6KNANOMFAENM37PXLQOQSA,1224,3,1,B0B93L6V3C|B0C2812FK8|B0BXNW1ZWV|B0BTSSZZTM|B0BVBXGTWM|B0BJSM87QC|B0BQ36KZH2|B0BJ2T1LQ5|B0BN2VJQPP|B0BFDBQ9LV,B0B7X8TMR5,,0,0.0,0.0,0.0,0.0,0.0,0.0
AHP63TFEHL2BEAN6B3ZFGZPD2OYA,1496,5,4,B0C2812FK8|B0BVBXGTWM|B0BJ2T1LQ5|B0BHPD4Q2X|B0BFDBQ9LV|B0B7DSVGWJ|B0BPS63PXC|B0BXNW1ZWV|B0BGP9BY4W|B0BMPWZGLQ,B0C9D8SQD8|B0B46RJ2SP|B0BT6CNCCX|B0BR3VL162,,0,0.0,0.0,0.0,0.0,0.0,0.0
AH2HQMKCFCQ2B4QDYAPFGPKOHRFQ,1220,2,1,B092MZLQ1L|B0BHQJ2BL9|B084WZ3PRG|B07PZ2YNK2|B07MY7YY81|B0BSLW75F4|B07DYDSLMS|B016RDKEAO|B016U487ZE|B07NZWYD7T,B0BP73448C,,0,0.0,0.0,0.0,0.0,0.0,0.0
AGZZXSMMS4WRHHJRBUJZI4FZDHKQ,1214,6,2,B0C2812FK8|B0B93L6V3C|B0BQ36KZH2|B0BJSM87QC|B0BHPD4Q2X|B0BP6GBHYD|B0BN2VJQPP|B0B7DSVGWJ|B0BLYZYG8N|B0BXNW1ZWV,B0BS92YMK4|B0BRTVC2ZX,,0,0.0,0.0,0.0,0.0,0.0,0.0
AGZWIUE5FK4XYQIRZPAWCBG7JJJA,1212,6,2,B0B93L6V3C|B0C2812FK8|B0BHPD4Q2X|B0BQ36KZH2|B0BPS63PXC|B0B7DSVGWJ|B0BXNW1ZWV|B0BNYT4BVN|B0BP6GBHYD|B0BJ8RQ2S5,B0BHLCPMKC|B0B7X8TMR5,,0,0.0,0.0,0.0,0.0,0.0,0.0
AHPG65LKS3QKRWDUWAKZNLEK5RZQ,1500,12,1,B0C2812FK8|B0B93L6V3C|B0CC8ZC5GW|B0BQ36KZH2|B0B7DSVGWJ|B0BP6GBHYD|B0BHPD4Q2X|B0BFDBQ9LV|B0BLNKJRKN|B0BXNW1ZWV,B0BDZ8KXH5,,0,0.0,0.0,0.0,0.0,0.0,0.0
AH53HOW76MU3CPGFGMSH2IPVO3DQ,1260,3,2,B0B93L6V3C|B0C2812FK8|B0BXNW1ZWV|B0B8S9VWXX|B0BTSSZZTM|B0BHPD4Q2X|B0B534DWCL|B0BQ36KZH2|B0BPS63PXC|B0BJ2T1LQ5,B0B8XYLMLV|B0BNT94P2F,,0,0.0,0.0,0.0,0.0,0.0,0.0
AHPG65LKS3QKRWDUWAKZNLEK5RZQ_1,1501,12,4,B0C2812FK8|B0B93L6V3C|B0CC8ZC5GW|B0BQ36KZH2|B0B7DSVGWJ|B0BP6GBHYD|B0BFDBQ9LV|B0BHPD4Q2X|B0BXNW1ZWV|B0BLNKJRKN,B0BDZ8KXH5|B0BPGZN7D1|B0BZLF4GKR|B0BSCY2RYX,,0,0.0,0.0,0.0,0.0,0.0,0.0
AHPKOJOCODO7ZGNLEX4MFVI2HPRQ,1505,5,2,B0B93L6V3C|B0C2812FK8|B0BJSM87QC|B0BVBXGTWM|B0BXNW1ZWV|B0BFDBQ9LV|B0BJ2T1LQ5|B0BY8CSVK2|B0B7DSVGWJ|B0BQ36KZH2,B0BHDJGK46|B0C4TBPPSS,,0,0.0,0.0,0.0,0.02,0.5,0.12495636102304827
AHPLPRJ3TSSTQZHCL7EHS4MTFTBQ,1506,2,2,B0B93L6V3C|B0C2812FK8|B0BXNW1ZWV|B0BQ36KZH2|B0BJ2T1LQ5|B0BJSM87QC|B0B7DSVGWJ|B0BPS63PXC|B0BHPD4Q2X|B0BFDBQ9LV,B0BR15S6Y1|B0B123HXPS,,0,0.0,0.0,0.0,0.0,0.0,0.0
AGYCDZBT5VJF2AVCPECG3LXGMNRQ,1193,5,1,B0B93L6V3C|B0C2812FK8|B0BVBXGTWM|B0BQ36KZH2|B0BFDBQ9LV|B0B7DSVGWJ|B0BJ2T1LQ5|B0BTSSZZTM|B0BHPD4Q2X|B0BXNW1ZWV,B0BNDBVDDZ,,0,0.0,0.0,0.0,0.0,0.0,0.0
AGXYEDE435SHEEI33DVIKU7QPTKA,1190,7,1,B0B93L6V3C|B0C2812FK8|B0BHPD4Q2X|B0BFDBQ9LV|B0BPS63PXC|B0BJ2T1LQ5|B0BXNW1ZWV|B0BQ36KZH2|B0BQML7KF8|B0BP6GBHYD,B0BLNG8FPQ,,0,0.0,0.0,0.0,0.0,0.0,0.0
AGXY65KBB7VEXRKE5KT2JWNXS7YA,1189,3,1,B0CC8ZC5GW|B09DB6NDSL|B0B7833928|B0BFKN9WBF|B0BFKQ32XM|B0BDHVLVYY|B09N7Y7G85|B09Y5FFFBR|B0BT9TLB4R|B09S5RZ471,B0BXC8KGKH,,0,0.0,0.0,0.0,0.02,1.0,0.27894294565112987
AHPSKSZD5DBSUCEXOR6AISLO6BGA,1511,3,2,B0B93L6V3C|B0C2812FK8|B0BVBXGTWM|B0BHPD4Q2X|B0BJ8RQ2S5|B0BMPWZGLQ|B0BJ2T1LQ5|B0BFDBQ9LV|B0B7DSVGWJ|B0BPS63PXC,B0BJZRHFHJ|B0BZLG2KGJ,,0,0.0,0.0,0.0,0.0,0.0,0.0
AGXEIF5FMMRTDXKL3DXC4C2AQE4Q,1181,4,2,B0B93L6V3C|B0C2812FK8|B0BFDBQ9LV|B0BJ8RQ2S5|B0BVBXGTWM|B09TSHG1Q4|B0BJ2T1LQ5|B0B7DSVGWJ|B0BNDBVDDZ|B0BPS63PXC,B0BP2XZSWN|B0BYL71KV7,,0,0.0,0.0,0.0,0.0,0.0,0.0
AHOXG2ZU3IQJFFQMQY3V5NF6GBKQ,1494,1,4,B0B93L6V3C|B0C2812FK8|B0BHPD4Q2X|B0BXNW1ZWV|B0BVBXGTWM|B0BQ36KZH2|B0B8S9VWXX|B0B7DSVGWJ|B0BMPWZGLQ|B0BJSM87QC,B0BBFVYZ3R|B0BRYCW6BC|B0CC32HVQY|B0BRZ7HKVS,,0,0.0,0.0,0.0,0.0,0.0,0.0
AH57O7PZBCXKDCPTTETM5C25K6VA,1261,2,2,B0B93L6V3C|B0BJ8RQ2S5|B0C2812FK8|B0BHPD4Q2X|B0BQ36KZH2|B0BPS63PXC|B0BVBXGTWM|B0BMPWZGLQ|B0CBV5RJXG|B0BP6GBHYD,B0C2T7RRF2|B0B999X5LT,,0,0.0,0.0,0.0,0.0,0.0,0.0
AHAP73C3BHAM367PKA3SLTQAIDTQ,1310,1,3,B0B93L6V3C|B0C2812FK8|B0BVBXGTWM|B0BJ2T1LQ5|B0BGP9BY4W|B0BQ36KZH2|B0BHPD4Q2X|B0BXNW1ZWV|B0BFDBQ9LV|B0BPS63PXC,B0C1GCSR7B|B0B5WNSSW7|B0BCK9V6XQ,,0,0.0,0.0,0.0,0.0,0.0,0.0
AHNZRKDIMPVJPUC7CRGXJK7L7CBQ,1483,2,2,B0B93L6V3C|B0C2812FK8|B0BJ2T1LQ5|B0BVBXGTWM|B0BGP9BY4W|B0BHPD4Q2X|B0BPS63PXC|B0BXNW1ZWV|B0BJSM87QC|B0BJ8RQ2S5,B0B9M7B73Y|B0BRN5LK4F,,0,0.0,0.0,0.0,0.0,0.0,0.0
AHAP3PJE2ENYUTQ55TGLZNTVYIJA,1309,1,4,B0B93L6V3C|B0C2812FK8|B0BVBXGTWM|B0BXNW1ZWV|B0BTSSZZTM|B0BQ36KZH2|B0BHPD4Q2X|B0BJ8RQ2S5|B0BJ2T1LQ5|B0BPS63PXC,B0BSYK78DJ|B0BT4KB7ZG|B0BS3DLFJH|B0BXJCVNHB,,0,0.0,0.0,0.0,0.02,0.25,0.09759501249802542
AHNDRGDP4AR4B7GKGU3SEJP2YCUA,1475,4,3,B0B93L6V3C|B0C2812FK8|B0BQ36KZH2|B0BN2VJQPP|B0BTSSZZTM|B0BXNW1ZWV|B0BJ2T1LQ5|B0BHPD4Q2X|B0BVBXGTWM|B0BPS63PXC,B0BNKL8SW8|B0CDLTRQGM|B0BC4TWDJQ,,0,0.0,0.0,0.0,0.02,0.3333333333333333,0.08314859738505984
AHAARA77WNGVRMSW3GDH34UBPFEQ,1304,2,2,B0B93L6V3C|B09PN771HR|B0BVBXGTWM|B0BQ36KZH2|B09Y8CV13K|B0BTSSZZTM|B0BJ2T1LQ5|B0BXNW1ZWV|B0BFKLD2M1|B0BNDBVDDZ,B0BK7SC2VT|B0BKVLYD33,,0,0.0,0.0,0.0,0.0,0.0,0.0
AHA6AJCTR44XPTV2423CMNJEJQXA,1303,3,2,B0BFKQ32XM|B0BQ36KZH2|B0B93L6V3C|B0CC8ZC5GW|B0C2812FK8|B0BP6GBHYD|B0BN2VJQPP|B0BKFLXF98|B0BHRWHHJV|B0BXNW1ZWV,B0BFKLD2M1|B0BFKN9WBF,,0,0.0,0.0,0.0,0.0,0.0,0.0
AHNJEI343ZJQV7S7ZXKOAT7T3JRQ,1479,2,3,B0B93L6V3C|B0C2812FK8|B0BXNW1ZWV|B0BQ36KZH2|B0BPS63PXC|B0B7DSVGWJ|B0BFDBQ9LV|B0BJSM87QC|B0BP6GBHYD|B0BHPD4Q2X,B0BP6D9YK4|B0BPHH89HV|B0B123HXPS,,0,0.0,0.0,0.0,0.0,0.0,0.0
AH7NH3YOKZLVDHGMQZBQF7U5T32A,1298,3,1,B0B93L6V3C|B0C2812FK8|B0BXNW1ZWV|B0BHPD4Q2X|B0B8XYLMLV|B0B534DWCL|B0BMPWZGLQ|B0BQ36KZH2|B0BPS63PXC|B0BTSSZZTM,B0BJZRHFHJ,,0,0.0,0.0,0.0,0.0,0.0,0.0
AH7MNHVX52JANFQDA22AIFMARTCQ,1296,3,2,B0B93L6V3C|B0C2812FK8|B0BQ36KZH2|B0BVBXGTWM|B0BXNW1ZWV|B0BP6GBHYD|B0BJ2T1LQ5|B0BHPD4Q2X|B0BN2VJQPP|B0BPS63PXC,B0BRSG3K7F|B0BWDSBD8N,,0,0.0,0.0,0.0,0.02,0.5,0.11230971199864632
AH7INKLOABQCWKTGJX3A525TIJKA,1292,2,1,B0B93L6V3C|B0C2812FK8|B0BVBXGTWM|B0BTSSZZTM|B0BJ8RQ2S5|B0BXNW1ZWV|B0BJ2T1LQ5|B0BPS63PXC|B0BHPD4Q2X|B0BGP9BY4W,B07RT6XYL3,,0,0.0,0.0,0.0,0.0,0.0,0.0
AHOAV5ALDC2STJJPM63KP2DTP4SA,1485,2,2,B0B93L6V3C|B0C1V8YJ1J|B0BHLCPMKC|B0C2812FK8|B0BJVHW36M|B0BNT94P2F|B0BGP9BY4W|B0BCHTPNFD|B09PN771HR|B09TSHG1Q4,B0BFLYTXDP|B0BPMB3M2C,,0,0.0,0.0,0.0,0.0,0.0,0.0
AHON2YW3D437RCFK4PA7WN3SUASA,1490,3,2,B0B93L6V3C|B0BTSSZZTM|B0C2812FK8|B0BXNW1ZWV|B0BVBXGTWM|B0BJ2T1LQ5|B0BPS63PXC|B0BF59LWP7|B0BNT94P2F|B0BRKWP7FV,B0BJQ46494|B0BNKL8SW8,,0,0.0,0.0,0.0,0.0,0.0,0.0
AH6DG3YFLQJSTM4GDEUUKPM5NBEA,1279,2,2,B0B93L6V3C|B0BLYZYG8N|B0C2812FK8|B0BQ36KZH2|B0BN2VJQPP|B0BHPD4Q2X|B0BXNW1ZWV|B0BP6GBHYD|B0B7DSVGWJ|B0BMPWZGLQ,B0BL8HZQHQ|B0BLNG8FPQ,,0,0.0,0.0,0.0,0.0,0.0,0.0
AH67YPK63O3KCQ7CKENSVCIWBY3A,1276,2,3,B0B93L6V3C|B0C2812FK8|B0BQ36KZH2|B0B7DSVGWJ|B0BHPD4Q2X|B0BPS63PXC|B0BXNW1ZWV|B0BFDBQ9LV|B0BJSM87QC|B0BJ2T1LQ5,B0BN283C8L|B0BLNKJRKN|B0BRSG3K7F,,0,0.0,0.0,0.0,0.02,0.3333333333333333,0.08702728145052864
AH67JXPUEJVRUM4O25VXK7ELDJAA,1275,3,1,B0B93L6V3C|B0C2812FK8|B0BCHTPNFD|B0BHPD4Q2X|B0BLYZYG8N|B0BQ36KZH2|B0BJ8RQ2S5|B0BVBXGTWM|B0BN2VJQPP|B0BJ2T1LQ5,B0BKY2VN67,,0,0.0,0.0,0.0,0.0,0.0,0.0
AH665SQ6SQF6DXAGYIQFCX76LALA,1274,4,1,B0BQ36KZH2|B0CC8ZC5GW|B0B93L6V3C|B09613N9S9|B0BN2VJQPP|B0BJJ728F6|B0BHPD4Q2X|B0C2812FK8|B09N3GB5FT|B0BHQJ2BL9,B0BB55VPFT,,0,0.0,0.0,0.0,0.02,1.0,0.1965616322328226
AH636XJ2JZZMW4KUISGFDCGKCFZQ,1271,4,1,B0BHPD4Q2X|B0BJ2T1LQ5|B0BPS63PXC|B09PY21GQ3|B0BMPWZGLQ|B0BNYT4BVN|B0BXNW1ZWV|B0BJSM87QC|B0BQML7KF8|B0BQ36KZH2,B0BN43GN7J,,0,0.0,0.0,0.0,0.0,0.0,0.0
AH5XPLPXNAS34K3QZOUY5D3YZ55A,1270,1,2,B0B93L6V3C|B0C2812FK8|B0B8S9VWXX|B0BXNW1ZWV|B0BQ36KZH2|B0BJSM87QC|B0B8XYLMLV|B0B7DSVGWJ|B0BHPD4Q2X|B0B534DWCL,B0BS92YMK4|B0BP6D9YK4,,0,0.0,0.0,0.0,0.0,0.0,0.0
AHOFYKOVBRRLFDHUWC2V6RA3C2WA,1486,2,2,B0B93L6V3C|B0C2812FK8|B0BJ8RQ2S5|B0BXNW1ZWV|B0BPS63PXC|B0B7DSVGWJ|B0BFDBQ9LV|B0BVBXGTWM|B0BNYT4BVN|B0BHPD4Q2X,B0BWHZWHWT|B0BV92PMQ7,,0,0.0,0.0,0.0,0.0,0.0,0.0
AH5IRKZIDKZFZ62L52CRN6TYUXDQ,1264,1,3,B0B93L6V3C|B0C2812FK8|B0BQ36KZH2|B0BXNW1ZWV|B0BPS63PXC|B0B7DSVGWJ|B0BMPWZGLQ|B0BJ8RQ2S5|B0BVBXGTWM|B0BP6GBHYD,B0BS2NX3G9|B0BS92YMK4|B0BPPNNRC1,,0,0.0,0.0,0.0,0.0,0.0,0.0
AE2DOFODZHYFQHFUZ65LLY74XXGA,3,2,3,B09PN771HR|B0BK7SC2VT|B0B93L6V3C|B0BQ36KZH2|B0BXNW1ZWV|B0BFKLD2M1|B0BJNWL76Q|B0BNDBVDDZ|B0BVBXGTWM|B0BJ2T1LQ5,B0BWRK31R3|B0BR8KS18L|B0BTDRTXSX,,0,0.0,0.0,0.0,0.02,0.3333333333333333,0.08648282884024516
AG3QVHWGYGZERRC6K3SRN3TLTOZQ,865,2,2,B0CC8ZC5GW|B0BHRWHHJV|B0BT9TLB4R|B0B6T67WKF|B0BFKQ32XM|B0BQ36KZH2|B0BFKN9WBF|B0C2812FK8|B0BFKLD2M1|B0BP6GBHYD,B0BRCP3GMW|B0BGMZBNY8,,0,0.0,0.0,0.0,0.02,0.5,0.11444540197406203
AGD25H7BIT2JUXSIOPYCYB23J3ZQ,943,2,2,B0B93L6V3C|B0C2812FK8|B0BQ36KZH2|B0BJSM87QC|B0BHPD4Q2X|B0BLYZYG8N|B0BFDBQ9LV|B0B7DSVGWJ|B0BJ2T1LQ5|B0BN2VJQPP,B0BQVGX2L4|B0BTYCNSKN,,0,0.0,0.0,0.0,0.02,0.5,0.10920371840908209
AERQUZ72YQCZIMMY4HQGRF325P3A,340,3,2,B0B93L6V3C|B0C2812FK8|B0BJ2T1LQ5|B0BFDBQ9LV|B0BVBXGTWM|B0BHPD4Q2X|B0BXNW1ZWV|B0BTSSZZTM|B0B7DSVGWJ|B0BPS63PXC,B0B8NH6PZG|B0BBM6LTXB,,0,0.0,0.0,0.0,0.0,0.0,0.0
AEUQP2R23CLQ3ZT7NFTD2R4B2GGQ,387,2,2,B0B93L6V3C|B0BXNW1ZWV|B0C2812FK8|B0BVBXGTWM|B0BJ2T1LQ5|B0BPS63PXC|B0BQ36KZH2|B0BN2VJQPP|B0BRKWP7FV|B0BHPD4Q2X,B0BTSSZZTM|B0BRXBFJT4,,0,0.0,0.0,0.0,0.0,0.0,0.0
AEUEXGKALN3BKEV6WRHFBT5AWCYQ,379,2,1,B0B93L6V3C|B0BTSSZZTM|B0C2812FK8|B0BXNW1ZWV|B0BVBXGTWM|B0BJ2T1LQ5|B0BF59LWP7|B0BGP9BY4W|B0BPS63PXC|B0BRKWP7FV,B0B7X8TMR5,,0,0.0,0.0,0.0,0.0,0.0,0.0
AEUDZQDVSZYCHEXQSXLB6NWQTMHA,378,3,1,B0B93L6V3C|B0C2812FK8|B0BTSSZZTM|B0BVBXGTWM|B0BXNW1ZWV|B0BJ8RQ2S5|B0BCHTPNFD|B0BJ2T1LQ5|B0BRKWP7FV|B0BFDBQ9LV,B0BRVCLLKD,,0,0.0,0.0,0.0,0.0,0.0,0.0
AEUCZ7D4J27A2QYPSQY3TTWIL7KQ,375,3,1,B0B93L6V3C|B0C2812FK8|B0BJ8RQ2S5|B0BHPD4Q2X|B0BJ2T1LQ5|B0BMPWZGLQ|B0BPS63PXC|B0BFDBQ9LV|B0BXNW1ZWV|B0B5DPLCM9,B0BN4QD83H,,0,0.0,0.0,0.0,0.0,0.0,0.0
AEUCLNA44ISH6VTVMM2RZWB2SLFA,374,3,1,B0B93L6V3C|B0C2812FK8|B0883CWZSZ|B0BXNW1ZWV|B0BTSSZZTM|B0BHF8T84Q|B0B9M1HXG1|B0BFWNWSY7|B0BFDBQ9LV|B0C1V8YJ1J,B09Y5THFNK,,0,0.0,0.0,0.0,0.0,0.0,0.0
AETWJOSRS4NUTSDQRPISYJVLWVRQ,373,1,2,B0CC8ZC5GW|B09Y5FFFBR|B09S5RZ471|B0BT9TLB4R|B0B6T67WKF|B0BHRWHHJV|B0B7833928|B09QYL61JC|B0BFKQ32XM|B0BFKN9WBF,B0BSCY2RYX|B0C1478ZNB,,0,0.0,0.0,0.0,0.02,0.5,0.13749447131399728
AETSH5HM7Q3ZXCTFHYOTCYVDTCAA,370,5,1,B0B93L6V3C|B0C2812FK8|B0B7DSVGWJ|B09PY21GQ3|B0BFDBQ9LV|B0BJ8RQ2S5|B0BDXZZG84|B0BPS63PXC|B0BXNW1ZWV|B0BNYT4BVN,B0BHF8T84Q,,0,0.0,0.0,0.0,0.0,0.0,0.0
AESED7IIDUXTJTXDNFOG6SJUDJIQ,350,3,1,B0B93L6V3C|B0C2812FK8|B0BHPD4Q2X|B0BQ36KZH2|B0BJ2T1LQ5|B0BP6GBHYD|B0BN2VJQPP|B0BPS63PXC|B0BMPWZGLQ|B0BGP9BY4W,B0C3HZ5KSG,,0,0.0,0.0,0.0,0.0,0.0,0.0
AESAH2QDZWBJQ45BL6RJPSIADYZA,347,2,3,B0B93L6V3C|B0C2812FK8|B0BJ8RQ2S5|B0BJ2T1LQ5|B0BFDBQ9LV|B0BVBXGTWM|B0BXNW1ZWV|B0BPS63PXC|B0BTSSZZTM|B0BHPD4Q2X,B0BBPTG2N2|B0B3DQV4XJ|B0C2W1HSD9,,0,0.0,0.0,0.0,0.02,0.3333333333333333,0.08448487161763943
AES2TITGKXHZZPQ6NQQXHK5RQP3Q,345,5,2,B0B93L6V3C|B0C2812FK8|B0BXNW1ZWV|B0BVBXGTWM|B0BPS63PXC|B0BF59LWP7|B0BRKWP7FV|B0B8S9VWXX|B0BJ2T1LQ5|B0BNT94P2F,B0C9D8SQD8|B0BTSSZZTM,,0,0.0,0.0,0.0,0.0,0.0,0.0
AER4IP6FC7M7ET7VZUBEK3QU4OHQ,329,2,5,B0B93L6V3C|B0C2812FK8|B0BVBXGTWM|B0BQ36KZH2|B0BXNW1ZWV|B0BJ2T1LQ5|B0BHPD4Q2X|B0BN2VJQPP|B0BGP9BY4W|B0BPS63PXC,B0B7X8TMR5|B0BRVCLLKD|B0B7QPKQ1K|B0B7X8TMR5|B0BS92YMK4,,0,0.0,0.0,0.0,0.02,0.2,0.06105946170456531
AGBZVAZD7CK2WHTHTK7DX63UJP2Q,932,2,1,B0CC8ZC5GW|B0BFKN9WBF|B0BFKQ32XM|B09DB6NDSL|B0B7833928|B09Y5FFFBR|B0BFKLD2M1|B0BT9TLB4R|B09S5RZ471|B0B6T67WKF,B0BRXBFJT4,,0,0.0,0.0,0.0,0.0,0.0,0.0
AER3E4QJC5VPCEVUECIAGDJOAMCA,328,3,1,B07PZ2YNK2|B07RDYQ9FY|B0786N7L5M|B07VFX64X7|B075PL39NF|B01966Y3GK|B0BCDVTGKV|B0B9XNL1N4|B085H7RBKH|B01N0O8P3M,B0BRKBQ8N3,,0,0.0,0.0,0.0,0.0,0.0,0.0
AEQN3DYOW3UJUBYX7TK5U63RD5YA,326,2,2,B07VFX64X7|B071HJ3GDH|B09YNHMTCV|B01ASDYQQC|B07MQBCGCS|B09RHNSVRS|B07RDYQ9FY|B0786N7L5M|B06Y3NQDZX|B07TRVF2Y9,B0BRXBFJT4|B0BWJNTGCF,,0,0.0,0.0,0.0,0.0,0.0,0.0
AEQ4DEHMZ2DZGOB3GHBWGQ5SLBYQ,321,1,2,B0B93L6V3C|B0C2812FK8|B0BNDBVDDZ|B0BQ36KZH2|B0BTSSZZTM|B0BXNW1ZWV|B0BN2VJQPP|B0B7DSVGWJ|B0BVBXGTWM|B0BP6GBHYD,B0BL8HZQHQ|B0BT4KB7ZG,,0,0.0,0.0,0.0,0.0,0.0,0.0
AEPZPJ7NE4VQNHSJ46ZEQKG6BRNA,319,2,1,B0B93L6V3C|B0C2812FK8|B0BXNW1ZWV|B0BTSSZZTM|B0BQ36KZH2|B0BJ2T1LQ5|B0BVBXGTWM|B0BLYZYG8N|B0BHPD4Q2X|B0BPS63PXC,B0C78JQ42N,,0,0.0,0.0,0.0,0.0,0.0,0.0
AEPLPDSY2KE6PRZJ4C7QSWVQWNGQ,315,1,5,B0B93L6V3C|B0C2812FK8|B0BHPD4Q2X|B0BJ2T1LQ5|B0BVBXGTWM|B0BFDBQ9LV|B0BXNW1ZWV|B0BPS63PXC|B0B7DSVGWJ|B0BMPWZGLQ,B0BMX3KQ5W|B09MHCCYSF|B0BHXBKX83|B0BWD621BP|B0BQ3L4PGK,,0,0.0,0.0,0.0,0.0,0.0,0.0
AEPCB4JAZH3QDTYHFQPBHOU543WQ,312,1,2,B0B93L6V3C|B0C2812FK8|B0BTSSZZTM|B0BVBXGTWM|B0BXNW1ZWV|B0C1V8YJ1J|B0BFDBQ9LV|B0BJ8RQ2S5|B0BHLCPMKC|B0BS3DLFJH,B0BYL71KV7|B0BNKKR6W5,,0,0.0,0.0,0.0,0.0,0.0,0.0
AEOS2EQX6BWPOICISDHY53OKS3YA,304,3,1,B0CC8ZC5GW|B0C2812FK8|B0B93L6V3C|B0BJSM87QC|B0BQ36KZH2|B0BP6GBHYD|B0BFKQ32XM|B0B9XNL1N4|B0BXNW1ZWV|B0BLNKJRKN,B0B9M1HXG1,,0,0.0,0.0,0.0,0.0,0.0,0.0
AEOJP6T5AHSOTXJTG3B2OBLMNAAQ,301,2,4,B0B93L6V3C|B0C2812FK8|B0BJ2T1LQ5|B0BVBXGTWM|B0BFDBQ9LV|B0BHPD4Q2X|B0BG87633S|B0BXNW1ZWV|B0BPS63PXC|B0BTSSZZTM,B0BFBLZZNG|B0C4TBPPSS|B0BRCP3GMW|B0BHXBKX83,,0,0.0,0.0,0.0,0.02,0.25,0.0715056213286801
AEOFMERO7RYOL2ZJ2FC6FSBPAPXQ,299,4,3,B0B93L6V3C|B0B7DSVGWJ|B0BHPD4Q2X|B0BJSM87QC|B0BFDBQ9LV|B0BQ36KZH2|B0BPS63PXC|B09PY21GQ3|B0BXNW1ZWV|B0BNYT4BVN,B0BLH9ZHKD|B0BM5KLB5J|B0B7X8TMR5,,0,0.0,0.0,0.0,0.0,0.0,0.0
AEOANREZ6LVNGCWIK7CXLR4H3EPQ,297,2,1,B0B93L6V3C|B0C2812FK8|B0BJSM87QC|B0BXNW1ZWV|B0883CWZSZ|B0B9M1HXG1|B0B7DSVGWJ|B0BQ36KZH2|B0BFDBQ9LV|B09PY21GQ3,B0BS92YMK4,,0,0.0,0.0,0.0,0.0,0.0,0.0
AEUS3H7WK3RA3SEMADOSCYZ7DR3Q,388,1,2,B0B93L6V3C|B0C2812FK8|B0BJ2T1LQ5|B0BVBXGTWM|B0BGP9BY4W|B0BHPD4Q2X|B0BFDBQ9LV|B0BXNW1ZWV|B0BPS63PXC|B0BTSSZZTM,B0BTYCNSKN|B0BRKWP7FV,,0,0.0,0.0,0.0,0.02,0.5,0.14704034066641014
AEUUIAZ3SPGAU4QTPJF4OSCEXB3A,392,10,1,B0B93L6V3C|B0BQ36KZH2|B0CC8ZC5GW|B0BN2VJQPP|B0C2812FK8|B0BHPD4Q2X|B0BJSM87QC|B0BP6GBHYD|B0BCMPR6MH|B0BXNW1ZWV,B09KH34NWC,,0,0.0,0.0,0.0,0.0,0.0,0.0
AEVOU7PXGR3XJCZVMSK6GKPVIPYQ,396,2,3,B0B93L6V3C|B0BJ8RQ2S5|B0BVBXGTWM|B0C2812FK8|B0BLYZYG8N|B0BHPD4Q2X|B09J1ZY9H3|B0CBV5RJXG|B0BBTH41DS|B0BN2VJQPP,B0BCQYR754|B0BSLJYN7J|B0BXJCVNHB,,0,0.0,0.0,0.0,0.0,0.0,0.0
AEWA73ZOFSME3SMC6WKEDTKMDGHQ,403,2,3,B0B93L6V3C|B0C2812FK8|B0BJ2T1LQ5|B0BVBXGTWM|B0BHPD4Q2X|B0BGP9BY4W|B0B7DSVGWJ|B0BPS63PXC|B0BMPWZGLQ|B0BQML7KF8,B0BFDBQ9LV|B0BGR86FW9|B09MHCCYSF,,0,0.0,0.0,0.0,0.0,0.0,0.0
AF7NZKA375SEFRW7UICTGJBJX3VQ,510,2,1,B0B93L6V3C|B0BTSSZZTM|B0BXNW1ZWV|B0C2812FK8|B0B8S9VWXX|B0BHPD4Q2X|B0BJ2T1LQ5|B0BPS63PXC|B0BJ8RQ2S5|B0BQ36KZH2,B0BDM6WZ4Y,,0,0.0,0.0,0.0,0.02,1.0,0.18316925091363362
AF65OQCYOSTWIXENM5W2O63A4GEQ,485,4,10,B0B93L6V3C|B0C2812FK8|B0BTSSZZTM|B0BVBXGTWM|B0BJ2T1LQ5|B0BQ36KZH2|B0BPS63PXC|B0BHPD4Q2X|B0B7DSVGWJ|B0BFDBQ9LV,B0BM5KLB5J|B0BRKWP7FV|B0BXNW1ZWV|B0BRFGY217|B0B7X8TMR5|B0BWFBCMZC|B0BRSG3K7F|B0BWJNTGCF|B0BJNWL76Q|B0C57B4JHV,,0,0.0,0.0,0.0,0.0,0.0,0.0
AF53SVG2PSR5GXLFRUALK6LHQV6Q,476,7,3,B0BHPD4Q2X|B0B7DSVGWJ|B0BPS63PXC|B0BFDBQ9LV|B0BJ2T1LQ5|B0BXNW1ZWV|B0BQ36KZH2|B09PY21GQ3|B0BJ8RQ2S5|B0BMPWZGLQ,B0C2812FK8|B0BG26SDXZ|B0BDFJVCC2,,0,0.0,0.0,0.0,0.0,0.0,0.0
AF4Y5YSCNYIH7CYBWQGTTS5VYWCQ,475,5,6,B0C2812FK8|B0BJ2T1LQ5|B0BXNW1ZWV|B0BPS63PXC|B0BHPD4Q2X|B0BGP9BY4W|B0BJ8RQ2S5|B0BQ36KZH2|B0B7DSVGWJ|B0BFDBQ9LV,B0BQJFLTV2|B0C1B5CY4X|B0BSLJYN7J|B0C3YN96DN|B0BRN1793B|B0BRN5LK4F,,0,0.0,0.0,0.0,0.0,0.0,0.0
AF4WH4PLWWJSQXVCJVA5SMU676BQ,474,4,1,B0B93L6V3C|B0C2812FK8|B0BQ36KZH2|B0BXNW1ZWV|B0BTSSZZTM|B0B7DSVGWJ|B0BFDBQ9LV|B0BN2VJQPP|B0BP6GBHYD|B0BZJ8S1K9,B0BL8HZQHQ,,0,0.0,0.0,0.0,0.0,0.0,0.0
AF4OTLA6ENKT4ONRSXUITAPOYK4Q,471,2,3,B0B93L6V3C|B0C2812FK8|B0B7DSVGWJ|B0BHPD4Q2X|B0BFDBQ9LV|B0BPS63PXC|B0BJ2T1LQ5|B0BJSM87QC|B0BQ36KZH2|B0BMPWZGLQ,B0BN43GN7J|B0CCVB4W21|B0BRJZKTTK,,0,0.0,0.0,0.0,0.02,0.3333333333333333,0.10684080426179023
AF3YRRKXJQM533AQGWV4MQV5QBVA,467,9,4,B0C2812FK8|B0B93L6V3C|B0BJSM87QC|B0BQ36KZH2|B0BXNW1ZWV|B0BHPD4Q2X|B0B7DSVGWJ|B0BN2VJQPP|B0BVBXGTWM|B0B9XNL1N4,B0BQJFLTV2|B0BQVGX2L4|B0BDV6S428|B0BQ3L4PGK,,0,0.0,0.0,0.0,0.0,0.0,0.0
AF3XFXZ32LXUW7ZYE3VKSR2VFDTQ,465,4,1,B0B93L6V3C|B0C2812FK8|B0BJ2T1LQ5|B0BVBXGTWM|B0BFDBQ9LV|B0BHPD4Q2X|B0B7DSVGWJ|B0BPS63PXC|B0BXNW1ZWV|B0BNT94P2F,B0B9M7B73Y,,0,0.0,0.0,0.0,0.0,0.0,0.0
AF3PBFOBATUFYBJMDEIBIHK52NSA,460,2,1,B0BFKLD2M1|B0BFKN9WBF|B0B93L6V3C|B0BQ36KZH2|B0C2812FK8|B0BN2VJQPP|B0CC8ZC5GW|B0BLYZYG8N|B0BP6GBHYD|B0BXNW1ZWV,B0BSYK78DJ,,0,0.0,0.0,0.0,0.0,0.0,0.0
AF3OICPENFP4QCWGLJTRS6HLBGYQ,459,4,1,B0B93L6V3C|B0C2812FK8|B0BHPD4Q2X|B0BQ36KZH2|B0BXNW1ZWV|B0BJSM87QC|B0B7DSVGWJ|B0BFDBQ9LV|B0BPS63PXC|B0BJ2T1LQ5,B0C9D8SQD8,,0,0.0,0.0,0.0,0.0,0.0,0.0
AF3J3BCNY4WLSGKUIZU3Y5LV72HQ,455,9,1,B0C2812FK8|B0B93L6V3C|B0BLYZYG8N|B0BQ36KZH2|B0BJ8RQ2S5|B0BN2VJQPP|B0BJSM87QC|B0BHPD4Q2X|B0BP6GBHYD|B0BXNW1ZWV,B0BBL2Y2D9,,0,0.0,0.0,0.0,0.02,1.0,0.1949590218937863
AF33I5P7JSHIY2RE4OJ6QQUKZSEA,449,2,1,B0B93L6V3C|B0C2812FK8|B0BQ36KZH2|B0BHPD4Q2X|B0BVBXGTWM|B0CC8ZC5GW|B0BP6GBHYD|B0BMPWZGLQ|B0B7DSVGWJ|B0BFDBQ9LV,B0BN283C8L,,0,0.0,0.0,0.0,0.0,0.0,0.0
AF2YZUQJ7IH6RIQMWRSCTK42CXQA,448,4,3,B0C2812FK8|B0BJ2T1LQ5|B0BGP9BY4W|B0BVBXGTWM|B0BFDBQ9LV|B0BXNW1ZWV|B0BHPD4Q2X|B0BNT94P2F|B0BPS63PXC|B0BTSSZZTM,B0B93L6V3C|B0BHLCPMKC|B0B9M7B73Y,,0,0.0,0.0,0.0,0.0,0.0,0.0
AF2S7MHKYEU5DFVE7DSDOXF67ETQ,443,3,2,B0BQ36KZH2|B0B93L6V3C|B0C2812FK8|B0CC8ZC5GW|B0BN2VJQPP|B0BP6GBHYD|B0BXNW1ZWV|B0BKFLXF98|B0BNDBVDDZ|B0BLYZYG8N,B0BFKQ32XM|B0BFKN9WBF,,0,0.0,0.0,0.0,0.0,0.0,0.0
AEZWYN4YDBRH6DVU5IK7VFRE5Y5Q,436,1,5,B0B93L6V3C|B0C2812FK8|B0BQ36KZH2|B0BXNW1ZWV|B0BJ8RQ2S5|B0BPS63PXC|B0BHPD4Q2X|B0BVBXGTWM|B0BP6GBHYD|B0B7DSVGWJ,B0BWDLCG6X|B0B752ZPB3|B0BH81Q1MQ|B0BFKLD2M1|B0BDV6S428,,0,0.0,0.0,0.0,0.06,0.6,0.21832669918026693
AEZC2UXQLVFMEMRY2MIQDA5BM7RQ,429,3,1,B0B93L6V3C|B0C2812FK8|B0BJ8RQ2S5|B0BHPD4Q2X|B0BPS63PXC|B0BFDBQ9LV|B0BJ2T1LQ5|B0BXNW1ZWV|B0B7DSVGWJ|B0BMPWZGLQ,B0BR8KS18L,,0,0.0,0.0,0.0,0.0,0.0,0.0
AEYQWVFYGHQ6YRM4NSMCPI544CPA,423,2,1,B0B93L6V3C|B0C2812FK8|B0BVBXGTWM|B0BJ8RQ2S5|B0BJ2T1LQ5|B0BXNW1ZWV|B0BHPD4Q2X|B0BPS63PXC|B0BQ36KZH2|B0BGP9BY4W,B0C9D8SQD8,,0,0.0,0.0,0.0,0.0,0.0,0.0
AEYDGYH4RBR764C5P6PBYULT2BEA,421,3,3,B0C2812FK8|B0BJ2T1LQ5|B0BHPD4Q2X|B0BVBXGTWM|B0BXNW1ZWV|B0BPS63PXC|B0BFDBQ9LV|B0B7DSVGWJ|B0BMPWZGLQ|B0BGP9BY4W,B0B93L6V3C|B0BNT94P2F|B0BNMQW5S9,,0,0.0,0.0,0.0,0.0,0.0,0.0
AEY2AY5WSQVBQ36QSBVOX2V5MXHQ,419,1,3,B0B93L6V3C|B0BTSSZZTM|B0C2812FK8|B0BJVHW36M|B0BJ2T1LQ5|B0BFDBQ9LV|B0BXNW1ZWV|B0BNT94P2F|B0BPS63PXC|B0B7DSVGWJ,B0BT4KB7ZG|B0BQR24Z5R|B0BGHG6LZK,,0,0.0,0.0,0.0,0.0,0.0,0.0
AEXL73466UUV72BFN3SEG5JYCEGA,417,2,1,B0B8S9VWXX|B0C2812FK8|B0B93L6V3C|B0BXNW1ZWV|B0B534DWCL|B0BQ36KZH2|B0B7DSVGWJ|B0BC83JCVB|B0BHPD4Q2X|B0BPS63PXC,B0C3HZ5KSG,,0,0.0,0.0,0.0,0.0,0.0,0.0
AEWDOAXSVQUCJU3OTMNAPP2FTQFQ,406,4,4,B0B93L6V3C|B0C2812FK8|B0BLYZYG8N|B0BQ36KZH2|B0BN2VJQPP|B0BHPD4Q2X|B0BXNW1ZWV|B0BP6GBHYD|B0BJ2T1LQ5|B0BVBXGTWM,B0BNDBVDDZ|B0B87NCR8B|B0BRC5CYFS|B09KH34NWC,,0,0.0,0.0,0.0,0.0,0.0,0.0
AENOVQEFKZBREVERPDJVJDOXOYAA,293,2,2,B0B93L6V3C|B0C2812FK8|B0BXNW1ZWV|B0BQ36KZH2|B0B9XNL1N4|B0BFDBQ9LV|B0BJ2T1LQ5|B0B7DSVGWJ|B0BVBXGTWM|B0BHPD4Q2X,B0BBM2GX9G|B0BL3DX8V8,,0,0.0,0.0,0.0,0.02,0.5,0.1304446455081745
AENOCUSKN4R24ZMS73WJT3PPJDNQ,292,2,1,B0CC8ZC5GW|B0BFKN9WBF|B0B7833928|B09DB6NDSL|B0BFKQ32XM|B074Q6LZQ7|B09Y5FFFBR|B0BDHVLVYY|B0BT9TLB4R|B0BFKLD2M1,B0BR9Q6B94,,0,0.0,0.0,0.0,0.0,0.0,0.0
AEMM2YKSK6UCS5B7RH557OOSJPDQ,281,3,3,B016E63H0I|B0C3ML9T7F|B07GJXDC4F|B0C62D56RX|B0767R2PHD|B07G9NSY3V|B06XCR4QVF|B07RPJ9JT3|B0716H9SBL|B01KB1DRSE,B0B5VSDWL1|B0B5VSDWL1|B0B5VSDWL1,,0,0.0,0.0,0.0,0.0,0.0,0.0
AEEG4TUL6GMW5VNSTUOGCIDEEFSA,149,2,3,B0B93L6V3C|B0BQ36KZH2|B0BVBXGTWM|B0BTSSZZTM|B0BXNW1ZWV|B0BN2VJQPP|B0BJ2T1LQ5|B0BRKWP7FV|B0BPS63PXC|B0C2812FK8,B0BK7SC2VT|B0BDHVLVYY|B0BSF35DN6,,0,0.0,0.0,0.0,0.04,0.6666666666666666,0.21627986340385028
AEDIEV5ETZJ4YEFEVJGVTHB5KYNQ,137,3,1,B0B93L6V3C|B0C2812FK8|B0BCMPR6MH|B0BJ8RQ2S5|B0BVBXGTWM|B0BXNW1ZWV|B0BKFLXF98|B0BJSM87QC|B0BPS63PXC|B0BTSSZZTM,B0C1B5CY4X,,0,0.0,0.0,0.0,0.0,0.0,0.0
AED64NI7DIW6FTNKPUTLHIORIK6A,132,3,1,B0B93L6V3C|B0C2812FK8|B0B5Y7PMWQ|B0BJ2T1LQ5|B0B9XNL1N4|B0BVBXGTWM|B0BQ36KZH2|B0BJSM87QC|B0BTSSZZTM|B0BFDBQ9LV,B0BFBLZZNG,,0,0.0,0.0,0.0,0.0,0.0,0.0
AEBETONEJ6SHVKSLRPG4I7UMMDXQ,110,2,1,B0B93L6V3C|B0C2812FK8|B0BJ8RQ2S5|B09PY21GQ3|B0BHPD4Q2X|B0B7DSVGWJ|B0BPS63PXC|B0BXNW1ZWV|B0BQ36KZH2|B0BNDBVDDZ,B0BRFGY217,,0,0.0,0.0,0.0,0.02,1.0,0.17629143438888212
AEBBGPZMREW75PEHM5EBV6PFS23A,108,4,3,B0B93L6V3C|B0C2812FK8|B0BHPD4Q2X|B0B7DSVGWJ|B0BFDBQ9LV|B0BPS63PXC|B0BJ8RQ2S5|B0BJ2T1LQ5|B0BXNW1ZWV|B0B5DPLCM9,B0C9D8SQD8|B0CCVB4W21|B0BK8VH1FF,,0,0.0,0.0,0.0,0.02,0.3333333333333333,0.10858087310103355
AEADBP3U5I72S7UEQHOLMMWPVD5Q,96,2,1,B0B93L6V3C|B0C2812FK8|B0BVBXGTWM|B0BJ2T1LQ5|B0BHPD4Q2X|B0BFDBQ9LV|B0BJ8RQ2S5|B0BGP9BY4W|B0BMPWZGLQ|B0BPS63PXC,B0BRX9GTR9,,0,0.0,0.0,0.0,0.0,0.0,0.0
AE7ZKVIQK66Z5RLYKH27VLSPKKRA,93,4,1,B0B93L6V3C|B0C2812FK8|B09PY21GQ3|B0BJ8RQ2S5|B0B7DSVGWJ|B0C1V8YJ1J|B0BPS63PXC|B0BFDBQ9LV|B0BNDBVDDZ|B0BXNW1ZWV,B0BDXZZG84,,0,0.0,0.0,0.0,0.0,0.0,0.0
AE7JM7OGJWPR546WH4SQO4GOPWCQ,89,2,1,B0B93L6V3C|B0C2812FK8|B0BVBXGTWM|B0BXNW1ZWV|B0BPS63PXC|B0B7DSVGWJ|B0BTSSZZTM|B0BFDBQ9LV|B0BQ36KZH2|B0BJ2T1LQ5,B0BRFGY217,,0,0.0,0.0,0.0,0.02,1.0,0.1854490234153689
AE7IOTV5KHC6JJOWIRCTXGRLPXLA,88,5,2,B0B93L6V3C|B0C2812FK8|B0BXNW1ZWV|B0BHPD4Q2X|B0B7DSVGWJ|B0BP6GBHYD|B0BPS63PXC|B0BMPWZGLQ|B0BTSSZZTM|B0BJSM87QC,B0BQ36KZH2|B0BNDBVDDZ,,0,0.0,0.0,0.0,0.0,0.0,0.0
AE7FNYI3CVRSKX6WNCMTM3LBRSVA,84,1,1,B0B93L6V3C|B0C2812FK8|B0BTSSZZTM|B0BXNW1ZWV|B0BJVHW36M|B0BPS63PXC|B0B7DSVGWJ|B0BFDBQ9LV|B0BJ8RQ2S5|B09PY21GQ3,B0C9D8SQD8,,0,0.0,0.0,0.0,0.02,1.0,0.23137821315975915
AE6YTK4Z7SGHBBRNEVUWLFEFGDNA,80,1,3,B0B93L6V3C|B0C2812FK8|B0BHPD4Q2X|B0BMPWZGLQ|B0BJ8RQ2S5|B0BVBXGTWM|B0BFDBQ9LV|B0B7DSVGWJ|B0BJ2T1LQ5|B0BPS63PXC,B0BS19FS15|B0BN4QD83H|B0BQ3L4PGK,,0,0.0,0.0,0.0,0.0,0.0,0.0
AE6L3G4XBG7CP2GYXSKMSYP5OX4Q,73,3,4,B0B93L6V3C|B0C2812FK8|B0BQ36KZH2|B0BXNW1ZWV|B0BHPD4Q2X|B0BN2VJQPP|B0BTSSZZTM|B0B7DSVGWJ|B0BPS63PXC|B0BJSM87QC,B0B66S4WQN|B0BM5KLB5J|B0BRKWP7FV|B0BHKT8156,,0,0.0,0.0,0.0,0.0,0.0,0.0
AE6K7KPMLHSQP7DCXBPKJMWDTAIQ,71,4,1,B0B93L6V3C|B0C2812FK8|B0BFDBQ9LV|B0BHPD4Q2X|B0BPS63PXC|B0BJ2T1LQ5|B0BXNW1ZWV|B09PY21GQ3|B0BMPWZGLQ|B0BVBXGTWM,B0B8YYS6G2,,0,0.0,0.0,0.0,0.0,0.0,0.0
AE4VJUOT52KZVLAUPASKBBH7TBEA,43,2,2,B0B93L6V3C|B0BVBXGTWM|B0BTSSZZTM|B0BXNW1ZWV|B0BKZ6MLCB|B0BGXWQLWL|B0BJ2T1LQ5|B0B8YYS6G2|B0BJDN3C6N|B0BJ8RQ2S5,B0C6F19MRQ|B0BXJCVNHB,,0,0.0,0.0,0.0,0.0,0.0,0.0
AE4P6FRCBRW3CIYFKGEAJXV36DUA,42,5,2,B0B93L6V3C|B0BJ2T1LQ5|B0BHPD4Q2X|B0BPS63PXC|B0BXNW1ZWV|B0BFDBQ9LV|B0B7DSVGWJ|B0BJ8RQ2S5|B0BGP9BY4W|B0BQ36KZH2,B0BCHTPNFD|B0BKGPG66Y,,0,0.0,0.0,0.0,0.0,0.0,0.0
AE4L2OIERWOJIH6U7G64YG4J4SOA,39,1,1,B0B93L6V3C|B0C2812FK8|B0BHPD4Q2X|B0BJ2T1LQ5|B0BFDBQ9LV|B0B7DSVGWJ|B0BMPWZGLQ|B0BVBXGTWM|B0BJ8RQ2S5|B0BPS63PXC,B0C9D8SQD8,,0,0.0,0.0,0.0,0.02,1.0,0.18003132665669264
AE4JWENBM2SPLT3R2UKIZ3JWHNRQ,38,1,2,B0B93L6V3C|B0C2812FK8|B0B7DSVGWJ|B0BQ36KZH2|B0BPS63PXC|B0BVBXGTWM|B0BJ2T1LQ5|B0BHPD4Q2X|B0BFDBQ9LV|B0BXNW1ZWV,B0BTJ2WV5H|B0BT6CNCCX,,0,0.0,0.0,0.0,0.0,0.0,0.0
AE4D6PAI5MD75S3AXVINUEFLBG2A,37,3,2,B0B93L6V3C|B0C2812FK8|B0BJ2T1LQ5|B0BMPWZGLQ|B0BFDBQ9LV|B0BVBXGTWM|B0B7DSVGWJ|B0BPS63PXC|B0BXNW1ZWV|B0B5DPLCM9,B0BHMRXB6H|B0BHPD4Q2X,,0,0.0,0.0,0.0,0.0,0.0,0.0
AE3FY5B6RAC5BR6VEO6RJFDXAH3A,24,4,2,B0BCHTPNFD|B0B93L6V3C|B0C1F5S9TD|B0BK7XBDTW|B0BGP9BY4W|B0BJ8RQ2S5|B0C2812FK8|B0BHPD4Q2X|B0BLYZYG8N|B0BVBXGTWM,B0BKY2VN67|B0B9BVPBFM,,0,0.0,0.0,0.0,0.0,0.0,0.0
AE2ZUDZSRVXGFFAPYLKZVPYK5OCQ,15,6,1,B0B93L6V3C|B0C2812FK8|B0BQ36KZH2|B0BJ2T1LQ5|B0BVBXGTWM|B0BN2VJQPP|B0BLYZYG8N|B0BJSM87QC|B0BGP9BY4W|B09Y8CV13K,B0BH3MZ32Y,,0,0.0,0.0,0.0,0.02,1.0,0.1965616322328226
AE2ZLJ74RHTGVN3IZN62PTNSIAJQ,13,3,2,B0B93L6V3C|B0BLYZYG8N|B0C2812FK8|B0BN2VJQPP|B0BQ36KZH2|B0BCMPR6MH|B0BHPD4Q2X|B07PZ2YNK2|B085H7RBKH|B0BXNW1ZWV,B092MZLQ1L|B0BHQJ2BL9,,0,0.0,0.0,0.0,0.0,0.0,0.0
AE2NLADHRSX7O4BT433BK4UHBTPA,6,3,1,B0C2812FK8|B0BJ2T1LQ5|B0BGP9BY4W|B0BHPD4Q2X|B0BFDBQ9LV|B0B7DSVGWJ|B0BPS63PXC|B0BNT94P2F|B0BJ8RQ2S5|B0BVBXGTWM,B0B93L6V3C,,0,0.0,0.0,0.0,0.0,0.0,0.0
AEDWBDHIPSXCZEW2HSWRFL4W6NNA,141,4,1,B0CC8ZC5GW|B0B93L6V3C|B0C2812FK8|B0BFKQ32XM|B0BFKN9WBF|B0BLYZYG8N|B0BHPD4Q2X|B0BP6GBHYD|B0BFKLD2M1|B0BN2VJQPP,B0C2K1QDPF,,0,0.0,0.0,0.0,0.0,0.0,0.0
AEEVJUOLMGMCRP7ZMTFNPJCMWOHA,158,4,4,B0B93L6V3C|B0C2812FK8|B0BVBXGTWM|B0BGP9BY4W|B0BXNW1ZWV|B0BHPD4Q2X|B0BPS63PXC|B0BFDBQ9LV|B0BTSSZZTM|B0B7DSVGWJ,B0BB1QXXYG|B0B9M7B73Y|B0BJDN3C6N|B0BGXWQLWL,,0,0.0,0.0,0.0,0.02,0.25,0.07673373981757839
AEMC7KSVVICOJCNDMBAA2QOG7CGA,277,4,4,B0B93L6V3C|B0C2812FK8|B0BXNW1ZWV|B0BJ2T1LQ5|B0BFDBQ9LV|B0BVBXGTWM|B0BPS63PXC|B0BHPD4Q2X|B0B7DSVGWJ|B0BTSSZZTM,B0BHLCPMKC|B0BPMB3M2C|B0B87NCR8B|B0BLH9ZHKD,,0,0.0,0.0,0.0,0.0,0.0,0.0
AEFI3ZHDEJTYLE3XST5EGUFGSQNA,165,2,1,B0B93L6V3C|B0BF59LWP7|B0BTSSZZTM|B0B8YYS6G2|B0BXNW1ZWV|B0BVBXGTWM|B0C2812FK8|B0BRKWP7FV|B0BJ2T1LQ5|B0BHLCPMKC,B0BSG2N91N,,0,0.0,0.0,0.0,0.02,1.0,0.2
AELO3XD2J3PIWE4BKAOQ6Y4UHDUA,271,2,3,B0B93L6V3C|B0BVBXGTWM|B0BXNW1ZWV|B0C2812FK8|B0BF59LWP7|B0BRKWP7FV|B0BPS63PXC|B0BJ2T1LQ5|B0BDM6WZ4Y|B09Y8CV13K,B0BTSSZZTM|B0C1B5CY4X|B0BT4KB7ZG,,0,0.0,0.0,0.0,0.02,0.3333333333333333,0.0956366800683804
AEKLDPOALJXI42JW46KTUJTT5HQQ,253,3,3,B0B93L6V3C|B0C2812FK8|B0BQ36KZH2|B0BNDBVDDZ|B0BN2VJQPP|B0B7DSVGWJ|B0BXNW1ZWV|B0BP6GBHYD|B0BJSM87QC|B09Y8CV13K,B0B8NH6PZG|B0BLZ3B6QF|B0B7X8TMR5,,0,0.0,0.0,0.0,0.0,0.0,0.0
AEKCRBB27JFY5RQJV6JAOQ3V55VQ,248,3,1,B0B93L6V3C|B0C2812FK8|B0BHPD4Q2X|B0BFDBQ9LV|B0BVBXGTWM|B0B7DSVGWJ|B0BJ2T1LQ5|B0BJ8RQ2S5|B0B5DPLCM9|B0BPS63PXC,B0BYT3MPJH,,0,0.0,0.0,0.0,0.0,0.0,0.0
AEKAMWELD5CUG3UWYO2OAXSMRCYA,247,4,1,B0B93L6V3C|B0C2812FK8|B0BVBXGTWM|B0BHPD4Q2X|B0BFDBQ9LV|B0B7DSVGWJ|B0BPS63PXC|B0BXNW1ZWV|B0BNT94P2F|B0BMPWZGLQ,B0BHMRXB6H,,0,0.0,0.0,0.0,0.0,0.0,0.0
AEJWRJY4KNIODOU4NTRXF6KHBPIA,245,1,2,B0B93L6V3C|B0C2812FK8|B0BQ36KZH2|B0BXNW1ZWV|B0BJ2T1LQ5|B0BVBXGTWM|B0BP6GBHYD|B0BN2VJQPP|B0BHPD4Q2X|B0BPS63PXC,B0B87NCR8B|B0C6SV9P54,,0,0.0,0.0,0.0,0.0,0.0,0.0
AEJLHTRGJVCXWEJXB7JKJX2E6BIQ,236,2,1,B0B93L6V3C|B0BCHTPNFD|B0BVBXGTWM|B0BK7XBDTW|B0C1F5S9TD|B0BJ8RQ2S5|B0BGP9BY4W|B0BTSSZZTM|B0BJ2T1LQ5|B0C2812FK8,B0BT4KB7ZG,,0,0.0,0.0,0.0,0.0,0.0,0.0
AEJBQOOAROHQ446Z2RR7T2HTGWMA,231,2,1,B016FRG758|B019Z1QQKC|B017CKQZLS|B0B94Y94KY|B07DYDSLMS|B01N5WRNAQ|B07N5GYHJ6|B07YSV284H|B09YNHMTCV|B09NCGHTVT,B0B46RJ2SP,,0,0.0,0.0,0.0,0.02,1.0,0.20584683246043448
AEIPJBAN7A55Q5DFFPZSR2UV3OKA,219,2,2,B0B93L6V3C|B0C2812FK8|B0BTSSZZTM|B0BVBXGTWM|B0BJ2T1LQ5|B0BPS63PXC|B0BFDBQ9LV|B0B7DSVGWJ|B0BHPD4Q2X|B0BXNW1ZWV,B0BT4KB7ZG|B0BR3VL162,,0,0.0,0.0,0.0,0.0,0.0,0.0
AEIOQQELBVQUXMGJ5E6PLCKLC3XA,217,2,3,B0B93L6V3C|B0C2812FK8|B0BVBXGTWM|B0BXNW1ZWV|B0BJ2T1LQ5|B0BTSSZZTM|B0BHPD4Q2X|B0BFDBQ9LV|B0BPS63PXC|B0BNT94P2F,B0BHLCPMKC|B0BBM6LTXB|B0BCG1K49Y,,0,0.0,0.0,0.0,0.02,0.3333333333333333,0.0859574327152926
AEHYYDW6HU5C3EB3LQ4W3IUNT5YQ,206,1,2,B0B93L6V3C|B0C2812FK8|B0BHPD4Q2X|B0BJ8RQ2S5|B0BVBXGTWM|B0BQ36KZH2|B0BMPWZGLQ|B0B7DSVGWJ|B0BPS63PXC|B0BXNW1ZWV,B0BGHG6LZK|B0BP6GBHYD,,0,0.0,0.0,0.0,0.02,0.5,0.1710330840677181
AEHKEEYC2WCAQ4WISICBADTS2OTQ,201,1,3,B0B93L6V3C|B0BQ36KZH2|B0C2812FK8|B0BXNW1ZWV|B0BN2VJQPP|B0BVBXGTWM|B0BJ2T1LQ5|B0BTSSZZTM|B0BPS63PXC|B0BP6GBHYD,B0BK7SC2VT|B0BSBBQBCR|B0BPGZN7D1,,0,0.0,0.0,0.0,0.0,0.0,0.0
AEHG6HKMOWKWYNXIFAJVQQNIV3YQ,199,4,2,B0B93L6V3C|B0C2812FK8|B0BVBXGTWM|B0BJ2T1LQ5|B0BXNW1ZWV|B0BFDBQ9LV|B0BPS63PXC|B0B7DSVGWJ|B0BHPD4Q2X|B0BGP9BY4W,B0C4TBPPSS|B0BYL71KV7,,0,0.0,0.0,0.0,0.0,0.0,0.0
AEHA4HAMJCDNLEL2ASFEYV3F3VUA,197,1,2,B0B93L6V3C|B0C2812FK8|B0BHPD4Q2X|B0BVBXGTWM|B0BJ2T1LQ5|B0B7DSVGWJ|B0BMPWZGLQ|B0BJ8RQ2S5|B0BPS63PXC|B0BFDBQ9LV,B0BV92PMQ7|B0BYT3MPJH,,0,0.0,0.0,0.0,0.0,0.0,0.0
AEH2ZLDQ232RBCVDN3UNCRELLRGA,194,1,2,B0B93L6V3C|B0C2812FK8|B0BXNW1ZWV|B0BJ2T1LQ5|B0BPS63PXC|B0BVBXGTWM|B0BHPD4Q2X|B0B7DSVGWJ|B0BQ36KZH2|B0BFDBQ9LV,B0BWLR9KZL|B0BR15S6Y1,,0,0.0,0.0,0.0,0.0,0.0,0.0
AEGZJPKRMCXDU67EOEOMUSRVCNOA,192,2,1,B0B93L6V3C|B0C2812FK8|B0BXNW1ZWV|B0BFDBQ9LV|B0B7DSVGWJ|B0BVBXGTWM|B0BJSM87QC|B0BPS63PXC|B0BHPD4Q2X|B0BJ2T1LQ5,B0CDLTRQGM,,0,0.0,0.0,0.0,0.0,0.0,0.0
AEGZEVWYDJ4HJYJ34IKJCTXHYJDA,191,2,1,B0BP7XZXXY|B0C53GVR1V|B0BLYZYG8N|B0B9XNL1N4|B0BFBLZZNG|B0CC8ZC5GW|B0BHRWHHJV|B01BDLY9J2|B0BN2VJQPP|B0BH3MZ32Y,B0BMDHSNC9,,0,0.0,0.0,0.0,0.0,0.0,0.0
AEGYU6OM2X66SMZN6AF3TSQ3N5PQ,190,18,2,B0B93L6V3C|B0C2812FK8|B0BHPD4Q2X|B0BLYZYG8N|B0BN2VJQPP|B0BVBXGTWM|B0BP6GBHYD|B0BXNW1ZWV|B0BJ2T1LQ5|B0CC8ZC5GW,B0BKVLYD33|B0BYT3MPJH,,0,0.0,0.0,0.0,0.0,0.0,0.0
AEGNJBSJKL7GQLRVEV7Y6KNFMNYQ,183,1,2,B0B93L6V3C|B0C2812FK8|B0BHPD4Q2X|B0B7DSVGWJ|B0BFDBQ9LV|B0BJSM87QC|B0BQ36KZH2|B09PY21GQ3|B0BPS63PXC|B0BXNW1ZWV,B0B66S4WQN|B0BWLR9KZL,,0,0.0,0.0,0.0,0.0,0.0,0.0
AEGF5VOMSSQRU6ZZL52GXAZYBVUA,177,2,1,B0B93L6V3C|B0BJ8RQ2S5|B0BJ2T1LQ5|B0C2812FK8|B0BHPD4Q2X|B0BTSSZZTM|B0BGR86FW9|B0BPS63PXC|B0BGP9BY4W|B0BFDBQ9LV,B0BKVLYD33,,0,0.0,0.0,0.0,0.0,0.0,0.0
AEG5FKFTUMTKXMSTOEYQO6DMXCGA,173,5,2,B0B93L6V3C|B0C2812FK8|B0BVBXGTWM|B0BXNW1ZWV|B0BHPD4Q2X|B0BJ2T1LQ5|B0BPS63PXC|B0BJ8RQ2S5|B0BFDBQ9LV|B0BTSSZZTM,B0BPMB3M2C|B0BBTH41DS,,0,0.0,0.0,0.0,0.0,0.0,0.0
AEFNSYDXDMSNHM3XPNRAB4CMBBZQ,167,3,2,B0BJSM87QC|B0B9XNL1N4|B0C2812FK8|B0BQ36KZH2|B0BN2VJQPP|B0BL3DX8V8|B0B9M1HXG1|B0B5Y7PMWQ|B0BLNKJRKN|B0BXNW1ZWV,B0BBM2GX9G|B0BHKT8156,,0,0.0,0.0,0.0,0.0,0.0,0.0
AF7SG3JXHDI5IK5XM73MRTDOLFQQ,514,3,1,B0B93L6V3C|B0C2812FK8|B0883CWZSZ|B0BXNW1ZWV|B0BNDBVDDZ|B0BTSSZZTM|B0B9M1HXG1|B0C1V8YJ1J|B0BFKLD2M1|B0BFWNWSY7,B0C2W1HSD9,,0,0.0,0.0,0.0,0.0,0.0,0.0
AFA5LWVFL5SXFIRWHY2COC5DNSRQ,519,3,1,B07P142CL2|B0BFG48PDQ|B0B94Y94KY|B07K7QNTRZ|B07DYDSLMS|B0BDTD7J4D|B07B4YPGJ7|B07D37YQ7K|B09J1P3D33|B07B7B5V3J,B07NZXMW9N,,0,0.0,0.0,0.0,0.0,0.0,0.0
AFAVLT6PI2FG3674BUCXXT72NCCQ,531,1,3,B0B93L6V3C|B0C2812FK8|B0BJSM87QC|B0BHPD4Q2X|B0B7DSVGWJ|B0BFDBQ9LV|B0BQ36KZH2|B0BXNW1ZWV|B0BMPWZGLQ|B0BPS63PXC,B0BRYCW6BC|B0BS5L6RXX|B0BT4WZ86F,,0,0.0,0.0,0.0,0.02,0.3333333333333333,0.09659953929285248
AFXSMH7HKL42IWLWJ6ZKUTJFCN2Q,821,2,2,B0B93L6V3C|B0BF59LWP7|B0BVBXGTWM|B0C2812FK8|B0BTSSZZTM|B0BXNW1ZWV|B0BJ2T1LQ5|B0BPS63PXC|B0BGP9BY4W|B0B8YYS6G2,B0BR9Q6B94|B0BQC9K362,,0,0.0,0.0,0.0,0.0,0.0,0.0
AFWHYGDKD73MYNNG6XLOODXXDRIA,800,5,1,B0B93L6V3C|B0BHPD4Q2X|B0B7DSVGWJ|B0BQ36KZH2|B0BXNW1ZWV|B0BPS63PXC|B0BFDBQ9LV|B0BJSM87QC|B09PY21GQ3|B0BJ2T1LQ5,B0BWF5N4Y6,,0,0.0,0.0,0.0,0.0,0.0,0.0
AFWE27HZBQGO5KWE5FWGC6I7YJ4A,798,3,1,B0B93L6V3C|B0BTSSZZTM|B0C2812FK8|B0BXNW1ZWV|B0BVBXGTWM|B0BJ2T1LQ5|B08RGSYQ2K|B0BPS63PXC|B0BN2VJQPP|B0BLYZYG8N,B0BF59LWP7,,0,0.0,0.0,0.0,0.0,0.0,0.0
AFVA2QSHTUXYVQQ3KPEX2Z2M5XSA,791,2,2,B0B93L6V3C|B0C2812FK8|B0BQ36KZH2|B0BJSM87QC|B0BHPD4Q2X|B0BFDBQ9LV|B0BVBXGTWM|B0BJ2T1LQ5|B0B7DSVGWJ|B0CC8ZC5GW,B0B9FMXVBT|B0BGMZBNY8,,0,0.0,0.0,0.0,0.0,0.0,0.0
AFUODO64AL2MIMKA4HVU3LVVJ5IQ,780,2,2,B0B93L6V3C|B0C2812FK8|B0BQ36KZH2|B0BJSM87QC|B0BXNW1ZWV|B0BN2VJQPP|B0BHPD4Q2X|B0B7DSVGWJ|B0BJ2T1LQ5|B0BTSSZZTM,B0BM5KLB5J|B0B7X8TMR5,,0,0.0,0.0,0.0,0.0,0.0,0.0
AFUM6L24YFSPN25QN6L3ARY3VARA,778,3,2,B0B93L6V3C|B0C2812FK8|B0BVBXGTWM|B0BHPD4Q2X|B0BXNW1ZWV|B0BJSM87QC|B0B7DSVGWJ|B0BJ2T1LQ5|B0BPS63PXC|B0BTSSZZTM,B0BBM6LTXB|B0BGHG6LZK,,0,0.0,0.0,0.0,0.02,0.5,0.11100575998665047
AFTP4A6I2MIKTU3OVXKBATUL7LCQ,765,1,2,B0B93L6V3C|B0C2812FK8|B0BVBXGTWM|B0BXNW1ZWV|B0BHPD4Q2X|B0BJ8RQ2S5|B0BPS63PXC|B0BQ36KZH2|B0BJ2T1LQ5|B0B7DSVGWJ,B0C1V4LPMK|B0BRSG3K7F,,0,0.0,0.0,0.0,0.0,0.0,0.0
AFT6CS7DH2HW24MCANDTX3NHTC6A,758,2,2,B0C2812FK8|B0B93L6V3C|B0BJSM87QC|B0BHPD4Q2X|B0BFDBQ9LV|B0B7DSVGWJ|B0BQ36KZH2|B09PY21GQ3|B0BPS63PXC|B0BNYT4BVN,B0BLKKR8SP|B0BXC8KGKH,,0,0.0,0.0,0.0,0.0,0.0,0.0
AFRWLLINRIR4RCM4W5DBBGEQJQNA,746,3,1,B0B93L6V3C|B0C2812FK8|B0BQ36KZH2|B0BXNW1ZWV|B0BNDBVDDZ|B0BHPD4Q2X|B0B7DSVGWJ|B0BFDBQ9LV|B0BJSM87QC|B0BJ2T1LQ5,B0B8NH6PZG,,0,0.0,0.0,0.0,0.0,0.0,0.0
AFRATLWQ77644KSAM3EJG3XUYA7Q,741,2,2,B0B93L6V3C|B0C2812FK8|B0BJ2T1LQ5|B0BGP9BY4W|B0BVBXGTWM|B0B7DSVGWJ|B0BTSSZZTM|B0BPS63PXC|B0BFDBQ9LV|B0BXNW1ZWV,B0BQ5L53W9|B0BSYK78DJ,,0,0.0,0.0,0.0,0.0,0.0,0.0
AFQTUALGLBRB4CZHSDSYE6GG5I4Q,736,2,1,B0B93L6V3C|B0C2812FK8|B0BHPD4Q2X|B0B7DSVGWJ|B0BPS63PXC|B0BJ8RQ2S5|B0BJ2T1LQ5|B0BFDBQ9LV|B0BNYT4BVN|B0BXNW1ZWV,B0BRX9GTR9,,0,0.0,0.0,0.0,0.0,0.0,0.0
AFQTAECNO6QF4APKHA7ZD4OEPZHA,735,6,4,B0B93L6V3C|B0BTSSZZTM|B0BXNW1ZWV|B0BK7SC2VT|B0BQ36KZH2|B0BVBXGTWM|B0C2812FK8|B0BL8HZQHQ|B0BJ2T1LQ5|B09TSHG1Q4,B0BNDBVDDZ|B0BKGPG66Y|B0B87NCR8B|B0BJNWL76Q,,0,0.0,0.0,0.0,0.02,0.25,0.07550980911390262
AFQAJNRMLI7ISVR4WFWTBC72CKAQ,730,12,2,B0B93L6V3C|B0C2812FK8|B0BJ8RQ2S5|B0BQ36KZH2|B0BN2VJQPP|B0BXNW1ZWV|B0BP6GBHYD|B0BPS63PXC|B0BVBXGTWM|B0BHPD4Q2X,B0BWDTXVFJ|B0BWDLCG6X,,0,0.0,0.0,0.0,0.02,0.5,0.13373003436102654
AFQ6ITJBY5IZX34NDWC7UWYDMTWA,729,2,2,B0B93L6V3C|B0C2812FK8|B0BHPD4Q2X|B0BVBXGTWM|B0BJ2T1LQ5|B0BMPWZGLQ|B0BGP9BY4W|B0BGPB2K9G|B0BXNW1ZWV|B0B5DPLCM9,B0BN43GN7J|B0BRN5LK4F,,0,0.0,0.0,0.0,0.02,0.5,0.10809259810413906
AFQ3H65LM7SZ7YYPKWB2WJUT4H3A,727,2,3,B0B93L6V3C|B0C2812FK8|B0BJ2T1LQ5|B0BXNW1ZWV|B0BGP9BY4W|B0BHPD4Q2X|B0BPS63PXC|B0B7DSVGWJ|B0BFDBQ9LV|B0BQ36KZH2,B0BNT94P2F|B0BGXWQLWL|B0BSBBQBCR,,0,0.0,0.0,0.0,0.0,0.0,0.0
AFPIF7M3ODGD4M4EENRG2GNVMKIA,721,8,2,B0B93L6V3C|B0C2812FK8|B0BXNW1ZWV|B0BJ2T1LQ5|B0BFDBQ9LV|B0BHPD4Q2X|B0BJSM87QC|B0B7DSVGWJ|B0BVBXGTWM|B0BPS63PXC,B0C2W1HSD9|B0C3HZ5KSG,,0,0.0,0.0,0.0,0.0,0.0,0.0
AFPHSWYQZYUZSFGTLOEP67S4AE2A,720,3,7,B0B93L6V3C|B0C2812FK8|B0BHPD4Q2X|B0BJ2T1LQ5|B0B7DSVGWJ|B0BMPWZGLQ|B0BXNW1ZWV|B0BJ8RQ2S5|B0BPS63PXC|B0BVBXGTWM,B0BCHTPNFD|B0BR8WJ5LR|B0BFDBQ9LV|B0BR8WJ5LR|B0BS3DLFJH|B0BGMZBNY8|B08WPN8K9K,,0,0.0,0.0,0.0,0.02,0.14285714285714285,0.06258116307550304
AFP43DJ5OC2RZ56DRYAJRXHJIGHA,712,2,3,B0B93L6V3C|B0BJ2T1LQ5|B0C2812FK8|B0BFDBQ9LV|B0BGP9BY4W|B0BVBXGTWM|B0BXNW1ZWV|B0BHPD4Q2X|B0BPS63PXC|B0BTSSZZTM,B0BCK9V6XQ|B0BB1QXXYG|B0BQR24Z5R,,0,0.0,0.0,0.0,0.0,0.0,0.0
AFP3YUQ57CD26VIP36PLREZH6YYQ,711,4,4,B0188093H4|B07YSV284H|B0BN4DZJ3K|B07DLN1HRF|B018CW1A3S|B0788W42R1|B09B6DBLDP|B074LWK8YK|B01N29O25I|B081W4K3LH,B0B7875RH7|B0B7875RH7|B0B7875RH7|B0B7875RH7,,0,0.0,0.0,0.0,0.0,0.0,0.0
AFOQBHVVJKIQ57IBQS5NEA45LXLA,710,4,2,B0B93L6V3C|B0BLYZYG8N|B0C2812FK8|B0BJ8RQ2S5|B0BQ36KZH2|B0BHPD4Q2X|B0BN2VJQPP|B09613N9S9|B0BJSM87QC|B0BVBXGTWM,B0C4NGCNNW|B0BH3MZ32Y,,0,0.0,0.0,0.0,0.0,0.0,0.0
AFOLUAKWAZQVOPMN7YP24J6IZ7AA,706,2,1,B0B93L6V3C|B0C2812FK8|B0BHPD4Q2X|B0BJ2T1LQ5|B0B7DSVGWJ|B0BPS63PXC|B0BVBXGTWM|B0BMPWZGLQ|B0BXNW1ZWV|B09PY21GQ3,B0BWF5N4Y6,,0,0.0,0.0,0.0,0.0,0.0,0.0
AFOGIWJJTMO4U74U3D2LEQ33DLKQ,701,4,3,B0BFKQ32XM|B0BFKLD2M1|B0C2812FK8|B0BQ36KZH2|B0BJ2T1LQ5|B0BVBXGTWM|B0BXNW1ZWV|B0BP6GBHYD|B0BN2VJQPP|B0BGP9BY4W,B0C9D8SQD8|B0B93L6V3C|B0BGR86FW9,,0,0.0,0.0,0.0,0.0,0.0,0.0
AFXGT7TXJEILGLAK2QQPYN2UDOZQ,814,2,2,B0C2812FK8|B0B93L6V3C|B0BQ36KZH2|B0BJSM87QC|B0B7DSVGWJ|B0BHPD4Q2X|B0BLNKJRKN|B0BP6GBHYD|B0BFDBQ9LV|B09PY21GQ3,B0BRYCW6BC|B0B7X8TMR5,,0,0.0,0.0,0.0,0.0,0.0,0.0
AFY4AE3MMYP5H6LPT664G44RPASA,825,2,2,B07K7QNTRZ|B0964B7ZLJ|B09D8PSGXM|B073RZRMG7|B01IAEO6NO|B082MGP3T3|B07QYBM3MK|B081LKGQ94|B01ECXX3B8|B07BPDTZTW,B01N5SVHUU|B01N5SVHUU,,0,0.0,0.0,0.0,0.02,0.5,0.11521147633589655
AFNUWA5YUI22EBOCIEWVVLIOF2OA,688,3,2,B0B8S9VWXX|B0BXNW1ZWV|B0B534DWCL|B0B93L6V3C|B0BTSSZZTM|B0BBFVYZ3R|B0BC7J5MJ3|B0BC83JCVB|B0BHPD4Q2X|B0BQ36KZH2,B0B8XYLMLV|B0BLH4VVQ2,,0,0.0,0.0,0.0,0.0,0.0,0.0
AFYCA3WSRNIHU2AZDAYHKVE6EHVA,829,1,2,B0B93L6V3C|B0C2812FK8|B0BXNW1ZWV|B0BQ36KZH2|B0BHPD4Q2X|B0BPS63PXC|B09613N9S9|B0BJ8RQ2S5|B0BVBXGTWM|B0BP6GBHYD,B0BWDTXVFJ|B0BDVRH59Y,,0,0.0,0.0,0.0,0.0,0.0,0.0
AGBT5FTYWPONDRFSA6LG42CTQBWQ,930,1,4,B0B93L6V3C|B0C2812FK8|B0BVBXGTWM|B0BHPD4Q2X|B0BJ2T1LQ5|B0BPS63PXC|B0BXNW1ZWV|B0BMPWZGLQ|B0BFDBQ9LV|B0B7DSVGWJ,B0BTJCWQWW|B0BTJBQJ8M|B0BZT1QFMC|B0BB55VPFT,,0,0.0,0.0,0.0,0.0,0.0,0.0
AGB4I7A7EV3CXTEZ3X3H7DVJEJWQ,923,5,3,B0C2812FK8|B0BFDBQ9LV|B0BQ36KZH2|B0BHPD4Q2X|B0BPS63PXC|B09PY21GQ3|B0BJ2T1LQ5|B0BMPWZGLQ|B0BJSM87QC|B0BNYT4BVN,B0BLNKJRKN|B0BZLG2KGJ|B0BQ3L4PGK,,0,0.0,0.0,0.0,0.0,0.0,0.0
AGAV7IY4HWGYRUIAGUZRXYUJ22DA,920,5,2,B0B93L6V3C|B0C2812FK8|B0BQ36KZH2|B0BLYZYG8N|B0BHPD4Q2X|B0BVBXGTWM|B0BJ2T1LQ5|B0BJSM87QC|B0BP6GBHYD|B0B7DSVGWJ,B0B9M8M6MR|B0CCVB4W21,,0,0.0,0.0,0.0,0.02,0.5,0.16104282508920814
AGAOHHYGV5YKS46CHG7Q7IV5SX5Q,916,2,3,B0B93L6V3C|B0C2812FK8|B0BJ2T1LQ5|B0BTSSZZTM|B0BVBXGTWM|B0BXNW1ZWV|B0BHPD4Q2X|B0BPS63PXC|B0BFDBQ9LV|B0BG87633S,B0BFBLZZNG|B0BRX9C4L7|B0BRX9GTR9,,0,0.0,0.0,0.0,0.0,0.0,0.0
AGAG3AINCFRD44AAFWZA5QNUPXSA,912,2,1,B0C2812FK8|B0BHPD4Q2X|B0BFDBQ9LV|B0BJ8RQ2S5|B0B7DSVGWJ|B0B5DPLCM9|B0BJ2T1LQ5|B0BVBXGTWM|B0BPS63PXC|B0BXNW1ZWV,B0BXQ1WQNV,,0,0.0,0.0,0.0,0.0,0.0,0.0
AGABZFBFOQJFG5SRWXDBVHBIZPPQ,911,4,3,B0B93L6V3C|B0C2812FK8|B0BXNW1ZWV|B0BJ8RQ2S5|B0BJ2T1LQ5|B0BPS63PXC|B0BFDBQ9LV|B0BHPD4Q2X|B0BVBXGTWM|B0B7DSVGWJ,B0BDXZZG84|B0B9RVQW4R|B0BV92PMQ7,,0,0.0,0.0,0.0,0.02,0.3333333333333333,0.0976168253917686
AG7Q2ISBS2VT4KFYAWGFVT4GSYJQ,903,1,2,B0B93L6V3C|B0C2812FK8|B0BHPD4Q2X|B0BVBXGTWM|B0BJ2T1LQ5|B0BQ36KZH2|B0BN2VJQPP|B0BMPWZGLQ|B0B7DSVGWJ|B0BPS63PXC,B0BYT3MPJH|B0C57B4JHV,,0,0.0,0.0,0.0,0.0,0.0,0.0
AG74IXRBQLEAEPVUGXGOTDOQPY6A,900,1,2,B0B93L6V3C|B0C2812FK8|B0B7DSVGWJ|B0BJ2T1LQ5|B0BFDBQ9LV|B0BHPD4Q2X|B0BPS63PXC|B0BJSM87QC|B0BXNW1ZWV|B09PY21GQ3,B0BDTRQGRP|B0BR15S6Y1,,0,0.0,0.0,0.0,0.0,0.0,0.0
AG5YEJIRM2OMBT2SQVDCOLEJW3CA,891,1,3,B0B93L6V3C|B0C2812FK8|B0BTSSZZTM|B0BXNW1ZWV|B0BQ36KZH2|B0BVBXGTWM|B0BJ2T1LQ5|B0BN2VJQPP|B09Y8CV13K|B0BPS63PXC,B0BQJFLTV2|B0BNKL8SW8|B0BSYK78DJ,,0,0.0,0.0,0.0,0.02,0.3333333333333333,0.09983719697789138
AG5CAYI3JZAALWBB2P3FBNSJPSNA,884,2,1,B0B93L6V3C|B0C2812FK8|B0BQ36KZH2|B0BJ8RQ2S5|B0BNDBVDDZ|B0BXNW1ZWV|B0BHPD4Q2X|B0BFDBQ9LV|B0B7DSVGWJ|B0BPS63PXC,B0C4NVTXYB,,0,0.0,0.0,0.0,0.0,0.0,0.0
AG56KAUS3MQ6JGUOP42E4VUBWVQA,883,2,2,B0B93L6V3C|B0B7DSVGWJ|B0BHPD4Q2X|B0BFDBQ9LV|B0BPS63PXC|B0BJSM87QC|B0BQ36KZH2|B09PY21GQ3|B0BJ2T1LQ5|B0BXNW1ZWV,B0BHXBKX83|B0BRZ7HKVS,,0,0.0,0.0,0.0,0.0,0.0,0.0
AG4Z2WO6PAEP3EOPIKYAFCHPEEKA,882,2,2,B0B93L6V3C|B0C2812FK8|B0BJ2T1LQ5|B0BVBXGTWM|B0BHPD4Q2X|B0BFDBQ9LV|B0B7DSVGWJ|B0BPS63PXC|B0BXNW1ZWV|B0BNT94P2F,B09TJBSX1J|B0C3YN96DN,,0,0.0,0.0,0.0,0.02,0.5,0.10863976191957724
AG4RKV4AKZWHCYHP2Y4Q64JBYRXQ,878,3,3,B0C2812FK8|B0BHPD4Q2X|B0BJ2T1LQ5|B0BFDBQ9LV|B0B7DSVGWJ|B0BPS63PXC|B0BXNW1ZWV|B0BGP9BY4W|B0BMPWZGLQ|B0BVBXGTWM,B0B93L6V3C|B0BBL2Y2D9|B0C9D8SQD8,,0,0.0,0.0,0.0,0.0,0.0,0.0
AG4JFIGNVMZZCICTFRX3JQXO5K7A,875,1,2,B0B93L6V3C|B0BVBXGTWM|B0C2812FK8|B0BJ2T1LQ5|B0BHPD4Q2X|B0BJ8RQ2S5|B0BXNW1ZWV|B0BGP9BY4W|B0BMPWZGLQ|B0BFDBQ9LV,B0BMGFM77C|B09MHCCYSF,,0,0.0,0.0,0.0,0.0,0.0,0.0
AG4D4BZAETIVJNMIUYMW6C4YGRUQ_1,872,4,4,B0B93L6V3C|B0C2812FK8|B0BLYZYG8N|B0CC8ZC5GW|B0BQ36KZH2|B0BXNW1ZWV|B0BHPD4Q2X|B0BJSM87QC|B0BN2VJQPP|B0BJ2T1LQ5,B0B4BPSL2S|B0C1V4LPMK|B0BDHVLVYY|B0BWF5N4Y6,,0,0.0,0.0,0.0,0.02,0.25,0.070675417981692
AE2IFLEVBOGFVO5737M4VJYJQ6JQ,5,2,4,B0B93L6V3C|B0C2812FK8|B0BXNW1ZWV|B0BHPD4Q2X|B0BQ36KZH2|B0BPS63PXC|B0BVBXGTWM|B0BJ2T1LQ5|B0B7DSVGWJ|B0BJ8RQ2S5,B0BHKT8156|B0BKSMFK1M|B0BGL22M2J|B0C9D8SQD8,,0,0.0,0.0,0.0,0.0,0.0,0.0
AG2O2IBVI2RUA6LSKM7RWNZWU27Q,855,3,1,B0B93L6V3C|B0883CWZSZ|B0C2812FK8|B0C1V8YJ1J|B0BFWNWSY7|B0BJVHW36M|B0B9M1HXG1|B09PY21GQ3|B09TBGM4KL|B0BFDBQ9LV,B0BHF8T84Q,,0,0.0,0.0,0.0,0.0,0.0,0.0
AG222XVSFK2NBY5ZI6CYQFLXBJRQ,850,2,2,B0B93L6V3C|B0C2812FK8|B0BJ8RQ2S5|B0BPS63PXC|B0BXNW1ZWV|B0B7DSVGWJ|B0BQ36KZH2|B0C1V8YJ1J|B0BP6GBHYD|B0BNDBVDDZ,B0BR3VL162|B0BV92PMQ7,,0,0.0,0.0,0.0,0.0,0.0,0.0
AFZVWN4BUWC2ROSK3TBF2GAF3BVA,849,2,3,B0B93L6V3C|B0C2812FK8|B0BFKQ32XM|B0BQ36KZH2|B0BXNW1ZWV|B0BFKLD2M1|B0BJ2T1LQ5|B0BFKN9WBF|B0BP6GBHYD|B0BLYZYG8N,B0BJ6TZ8PC|B0BL3KVZNF|B0BWDLCG6X,,0,0.0,0.0,0.0,0.02,0.3333333333333333,0.10684080426179023
AFZ5QCRULJWCUJENR7ZSNZEMHJQQ,845,2,5,B0B93L6V3C|B0C2812FK8|B0BJ2T1LQ5|B0BHPD4Q2X|B0BVBXGTWM|B0B7DSVGWJ|B0BPS63PXC|B0BQ36KZH2|B0BMPWZGLQ|B0BFDBQ9LV,B09MHCCYSF|B0BZJ8S1K9|B0BTYCNSKN|B0BK8VH1FF|B0BSG2N91N,,0,0.0,0.0,0.0,0.02,0.2,0.06372882143962796
AFYDI5PL5YM5JKTHFCREJ7KVWVLA,832,3,2,B0C2812FK8|B0BJSM87QC|B0BCMPR6MH|B0BQ36KZH2|B0B93L6V3C|B0BLYZYG8N|B0BN2VJQPP|B0BVBB57K1|B0B9XNL1N4|B0B9M1HXG1,B0BRTVC2ZX|B094DVQ9ML,,0,0.0,0.0,0.0,0.0,0.0,0.0
AFOFUFMMCJRTPVXSHFGPFEZ4BP6Q,699,3,3,B0B93L6V3C|B0C2812FK8|B0BVBXGTWM|B0BXNW1ZWV|B0BJ2T1LQ5|B0BTSSZZTM|B0BHPD4Q2X|B0BJ8RQ2S5|B0BPS63PXC|B0BQ36KZH2,B0BJDN3C6N|B0BRTM7D2D|B09KH34NWC,,0,0.0,0.0,0.0,0.0,0.0,0.0
AFNTJFOMOECIZA7XTDAVX5XB3A4Q,687,1,2,B0B93L6V3C|B0C2812FK8|B0BQ36KZH2|B0BXNW1ZWV|B0BVBXGTWM|B0BHPD4Q2X|B0BPS63PXC|B0B7DSVGWJ|B0BJ2T1LQ5|B0BP6GBHYD,B0BK7SC2VT|B0BWLR9KZL,,0,0.0,0.0,0.0,0.02,0.5,0.1289509357448472
AFAWHMJLC6DR7KL25ERIB22EF4GQ,532,7,1,B0B93L6V3C|B0C2812FK8|B0BHPD4Q2X|B0BQ36KZH2|B0BLYZYG8N|B0BVBXGTWM|B0BMPWZGLQ|B0BPS63PXC|B0BP6GBHYD|B0BXNW1ZWV,B0B5CMTNZK,,0,0.0,0.0,0.0,0.0,0.0,0.0
AFGAKRVEMFOI7XAI5VOKAYFJV5UQ,599,5,2,B0B93L6V3C|B0C2812FK8|B0BXNW1ZWV|B0BQ36KZH2|B0BVBXGTWM|B0BN2VJQPP|B0BJ8RQ2S5|B0BPS63PXC|B0BFKLD2M1|B0BTSSZZTM,B0BNDBVDDZ|B0BKFLXF98,,0,0.0,0.0,0.0,0.0,0.0,0.0
AFGAA4ZBENVMEYKSHWZY42XZSIIA,597,1,2,B0B93L6V3C|B0C2812FK8|B0BQ36KZH2|B0BHPD4Q2X|B0BXNW1ZWV|B0BPS63PXC|B0B7DSVGWJ|B0BJ2T1LQ5|B0BP6GBHYD|B0BN2VJQPP,B0C78JQ42N|B0BBFVYZ3R,,0,0.0,0.0,0.0,0.02,0.5,0.1304446455081745
AFG5ZMWKBU7U4AAFDHS52BOUGVGA,595,3,2,B0B93L6V3C|B0BVBXGTWM|B0BTSSZZTM|B0BXNW1ZWV|B0BJ2T1LQ5|B0C2812FK8|B0BJDN3C6N|B0B8YYS6G2|B0BPS63PXC|B0BNT94P2F,B0BKZ6MLCB|B0BF59LWP7,,0,0.0,0.0,0.0,0.0,0.0,0.0
AFFVMBDGXWIXZN77VMVMCZ6TIOVQ,594,4,2,B0C2812FK8|B0BJ2T1LQ5|B0BVBXGTWM|B0BGP9BY4W|B0BFDBQ9LV|B0BHPD4Q2X|B0BNT94P2F|B0B7DSVGWJ|B0BPS63PXC|B0BGPB2K9G,B0BGHN3QFX|B0B93L6V3C,,0,0.0,0.0,0.0,0.0,0.0,0.0
AFFNUJTP77KMOQD47N3MSC3KAZGQ,591,2,1,B0B93L6V3C|B0BFKLD2M1|B0BFKQ32XM|B0C2812FK8|B0BFKN9WBF|B0BNDBVDDZ|B0BXNW1ZWV|B0BKFLXF98|B0BTSSZZTM|B0BQ36KZH2,B0C9D8SQD8,,0,0.0,0.0,0.0,0.0,0.0,0.0
AFEL625JW3J7FSX2224WNL53JFEQ,577,2,4,B0B93L6V3C|B0C2812FK8|B0BJ2T1LQ5|B0BXNW1ZWV|B0BTSSZZTM|B0BGP9BY4W|B0BVBXGTWM|B0BPS63PXC|B0BHPD4Q2X|B0BQML7KF8,B0BNT94P2F|B0BNT94P2F|B0BSG2N91N|B0BSG2N91N,,0,0.0,0.0,0.0,0.0,0.0,0.0
AFED4PHQ2G5NQ7MDJA3AUVJQJI4Q,575,3,3,B0B93L6V3C|B0C2812FK8|B0BQ36KZH2|B0BXNW1ZWV|B0B7DSVGWJ|B0BJ2T1LQ5|B0BPS63PXC|B0BHPD4Q2X|B0BFDBQ9LV|B0BTSSZZTM,B0BLNKJRKN|B0BK7SC2VT|B0B123HXPS,,0,0.0,0.0,0.0,0.0,0.0,0.0
AFDTFWPKP4VVFB4NI74Y4YSPTGJA,570,4,2,B0B93L6V3C|B0BMPWZGLQ|B0B7DSVGWJ|B0BFDBQ9LV|B0BJ2T1LQ5|B0BJ8RQ2S5|B0BPS63PXC|B0BQ36KZH2|B09PY21GQ3|B0BVBXGTWM,B0B5DPLCM9|B0BGHG6LZK,,0,0.0,0.0,0.0,0.0,0.0,0.0
AFDRHEH4O7M665DQJAGXSCBA4CVA,569,3,2,B0B93L6V3C|B0BTSSZZTM|B0C2812FK8|B0BJ2T1LQ5|B0BG87633S|B0BVBXGTWM|B0BXNW1ZWV|B0BNDBVDDZ|B0BPS63PXC|B0BGP9BY4W,B0BKGPG66Y|B0BFBLZZNG,,0,0.0,0.0,0.0,0.0,0.0,0.0
AFDO5ZGTK5KITPL36WONW6SHV32A,567,5,2,B0B93L6V3C|B0C2812FK8|B0BJ2T1LQ5|B0BJ8RQ2S5|B0BFDBQ9LV|B0B7DSVGWJ|B0BPS63PXC|B0BVBXGTWM|B0B5DPLCM9|B0BXNW1ZWV,B0BQML7KF8|B0C6147THR,,0,0.0,0.0,0.0,0.04,1.0,0.2833427960663644
AFCQI6XKE4POPZTPGROVEZF5JCWA,558,1,2,B0B93L6V3C|B0C2812FK8|B0BJSM87QC|B0BVBXGTWM|B0BFDBQ9LV|B0BJ2T1LQ5|B0B7DSVGWJ|B0BXNW1ZWV|B0BHPD4Q2X|B0BPS63PXC,B0C4TBPPSS|B0BY8CSVK2,,0,0.0,0.0,0.0,0.04,1.0,0.2833427960663644
AFCQHBEYAOPUKMMQJVZ3LVOVAIXQ,557,4,1,B0B93L6V3C|B0C2812FK8|B0BJ2T1LQ5|B0BXNW1ZWV|B0BHPD4Q2X|B0BTSSZZTM|B0BPS63PXC|B0B7DSVGWJ|B0BFDBQ9LV|B0BGP9BY4W,B0BJDN3C6N,,0,0.0,0.0,0.0,0.0,0.0,0.0
AFCALH22VW2LNXUVBCYR2ANPCIVA,553,4,2,B0BJ8RQ2S5|B0B93L6V3C|B0C2812FK8|B0BHPD4Q2X|B09J1ZY9H3|B0BVBXGTWM|B0BN2VJQPP|B0CBV5RJXG|B0BQ36KZH2|B0BPS63PXC,B092NX2VVR|B08RGPVNKS,,0,0.0,0.0,0.0,0.0,0.0,0.0
AFCAE24ODHHM4XNETCP7BFKHFJHA,552,1,3,B0B93L6V3C|B0C2812FK8|B0BTSSZZTM|B0BXNW1ZWV|B0BVBXGTWM|B0BJ2T1LQ5|B0BPS63PXC|B0BHPD4Q2X|B0BJ8RQ2S5|B0BRKWP7FV,B0BNKL8SW8|B0C9D8SQD8|B0C6Y2V7J7,,0,0.0,0.0,0.0,0.02,0.3333333333333333,0.08272981973873896
AFC7AS7KEVVJXXTH7652GL7TD7DQ,551,4,2,B0B93L6V3C|B0C2812FK8|B0BFDBQ9LV|B0BXNW1ZWV|B0BVBXGTWM|B0BTSSZZTM|B0BJ8RQ2S5|B0BHPD4Q2X|B0BJ2T1LQ5|B0B7DSVGWJ,B0BJ7MSTT6|B0B66S4WQN,,0,0.0,0.0,0.0,0.0,0.0,0.0
AFBKLUMJZRLPXSZPFZMTWXU3ITFA,543,3,3,B0B93L6V3C|B0C2812FK8|B0BVBXGTWM|B0BJ2T1LQ5|B0BXNW1ZWV|B0BTSSZZTM|B0BHPD4Q2X|B0BPS63PXC|B0BQ36KZH2|B0BGP9BY4W,B0CBXSM1RF|B0BSFHHK5R|B09MHCCYSF,,0,0.0,0.0,0.0,0.0,0.0,0.0
AFBDZSUHAK3DHFDLOZ6ZQXXNWR2Q,541,2,1,B0B93L6V3C|B0C2812FK8|B0BDXZZG84|B0BCHTPNFD|B0BJ8RQ2S5|B0883CWZSZ|B0BFDBQ9LV|B0BHPD4Q2X|B0CBV5RJXG|B0BMPWZGLQ,B0BK7XBDTW,,0,0.0,0.0,0.0,0.02,1.0,0.26264953503719357
AFBDHL7FMHBDVGXZRSBNM7GLDTHA,539,1,3,B0B93L6V3C|B0C2812FK8|B0BLYZYG8N|B0CC8ZC5GW|B0BQ36KZH2|B0BFKQ32XM|B0BHPD4Q2X|B0BVBXGTWM|B0BXNW1ZWV|B09613N9S9,B0B7QPKQ1K|B0B6ZWPPF2|B0BRC5CYFS,,0,0.0,0.0,0.0,0.02,0.3333333333333333,0.12681701683239352
AFBCDX42GO75VFYD5R7EAN56TK4A,538,4,1,B0B93L6V3C|B0C2812FK8|B0BLYZYG8N|B0BHPD4Q2X|B0BXNW1ZWV|B0BJSM87QC|B0BP6GBHYD|B0BJ2T1LQ5|B0BPS63PXC|B0B7DSVGWJ,B0BM5KLB5J,,0,0.0,0.0,0.0,0.02,1.0,0.18316925091363362
AFBC3ON2A4PSR3E4IKOCBL5XKXTA,537,10,1,B0B93L6V3C|B0C2812FK8|B0BQ36KZH2|B0BJSM87QC|B0BHPD4Q2X|B0BLYZYG8N|B0BVBXGTWM|B0BXNW1ZWV|B0BJ2T1LQ5|B0BP6GBHYD,B0BSYK78DJ,,0,0.0,0.0,0.0,0.0,0.0,0.0
AFB3MVYZ5YDCG4IYORHYUNH37WTQ,535,1,1,B0B93L6V3C|B0C2812FK8|B0BJ2T1LQ5|B0BFDBQ9LV|B0B7DSVGWJ|B0BXNW1ZWV|B0BPS63PXC|B0BHPD4Q2X|B0BTSSZZTM|B09PY21GQ3,B0BHXBKX83,,0,0.0,0.0,0.0,0.0,0.0,0.0
AFB37VFU7TKHOTAJJBBEM3PAQPGA,534,2,1,B0B93L6V3C|B0C2812FK8|B0BJ8RQ2S5|B0BHPD4Q2X|B0CC8ZC5GW|B0BXNW1ZWV|B0BQ36KZH2|B0BVBXGTWM|B09J1ZY9H3|B0BCMPR6MH,B09PN8DKC9,,0,0.0,0.0,0.0,0.0,0.0,0.0
AFGAJSMRNOBGVC5TLGXCC2OCN75Q,598,2,3,B0B93L6V3C|B0C2812FK8|B0BQ36KZH2|B0BXNW1ZWV|B0BHPD4Q2X|B0BJ2T1LQ5|B0BVBXGTWM|B0BTSSZZTM|B0BP6GBHYD|B0BGP9BY4W,B0BN2VJQPP|B0B66S4WQN|B0C3YN96DN,,0,0.0,0.0,0.0,0.02,0.3333333333333333,0.08358022748310114
AFGH4U4AQYVJSZQYST2EUNWAOY4A,600,3,2,B0B93L6V3C|B0C2812FK8|B0BVBXGTWM|B0BTSSZZTM|B0BXNW1ZWV|B0BJ8RQ2S5|B0BJ2T1LQ5|B0BFDBQ9LV|B0BHPD4Q2X|B0BPS63PXC,B0C1V4LPMK|B0BRKWP7FV,,0,0.0,0.0,0.0,0.02,0.5,0.1710330840677181
AFNLNTSVZUSYMIUYBLOWZ5GHAOAQ,684,2,4,B0C2812FK8|B0BJ2T1LQ5|B0BHPD4Q2X|B0BVBXGTWM|B0BFDBQ9LV|B0B7DSVGWJ|B0BPS63PXC|B0BGP9BY4W|B0BMPWZGLQ|B0BXNW1ZWV,B0BLNG8FPQ|B0BWF5N4Y6|B0BGPB2K9G|B0BSLJYN7J,,0,0.0,0.0,0.0,0.02,0.25,0.09361800268759637
AFGJWGKSFIC6PTZSZGO6WOD2P5BQ,601,10,2,B0C2812FK8|B0BVBXGTWM|B0BJ2T1LQ5|B0B7DSVGWJ|B0BPS63PXC|B0BXNW1ZWV|B0BQML7KF8|B09PY21GQ3|B0BNYT4BVN|B0BGPB2K9G,B0BFDBQ9LV|B0BBM6LTXB,,0,0.0,0.0,0.0,0.0,0.0,0.0
AFMZVELM4DSKG76AIYOJKCAM2CAQ,679,1,3,B0B93L6V3C|B0C2812FK8|B0BXNW1ZWV|B0BVBXGTWM|B0BHPD4Q2X|B0BPS63PXC|B0BJ8RQ2S5|B0BTSSZZTM|B0BJ2T1LQ5|B0BQ36KZH2,B0BZJ8S1K9|B0BV7JF6GG|B0BS3DLFJH,,0,0.0,0.0,0.0,0.04,0.6666666666666666,0.20809057777436543
AFMZ3U2HMGRSCZXKWXJBPHXV465A,678,3,2,B0B93L6V3C|B0C2812FK8|B0BXNW1ZWV|B0BVBXGTWM|B0BQ36KZH2|B0BJ2T1LQ5|B0BPS63PXC|B0BHPD4Q2X|B0BJ8RQ2S5|B0B7DSVGWJ,B0BRKWP7FV|B0BTSSZZTM,,0,0.0,0.0,0.0,0.0,0.0,0.0
AFMUJGD56QXKRQXQP3NDMUJXGPAQ,677,2,2,B0B93L6V3C|B0BQ36KZH2|B0C2812FK8|B0BFKQ32XM|B0BFKLD2M1|B0BP6GBHYD|B0BFKN9WBF|B0BXNW1ZWV|B0BHPD4Q2X|B0BN2VJQPP,B0BWDSBD8N|B0BRCP3GMW,,0,0.0,0.0,0.0,0.02,0.5,0.11100575998665047
AFMO4FIBYXBBGTZ5HJ6TDDZC5Y2A,673,3,2,B0B93L6V3C|B0C2812FK8|B0BJ8RQ2S5|B0BJ2T1LQ5|B0BHPD4Q2X|B0BFDBQ9LV|B0BGP9BY4W|B0BPS63PXC|B0BVBXGTWM|B0B7DSVGWJ,B0C2W1HSD9|B0BCHTPNFD,,0,0.0,0.0,0.0,0.0,0.0,0.0
AFMJQVWRPS22MICR5GL377S7GLDA,671,1,7,B0C2812FK8|B0BHPD4Q2X|B0BJ2T1LQ5|B0BFDBQ9LV|B0BXNW1ZWV|B0B7DSVGWJ|B0BPS63PXC|B0BVBXGTWM|B0BJ8RQ2S5|B0BMPWZGLQ,B0B93L6V3C|B0C6Y2V7J7|B0BP6GBHYD|B0BR8WJ5LR|B0C6147THR|B0BQ3L4PGK|B0BWD621BP,,0,0.0,0.0,0.0,0.06,0.42857142857142855,0.17222122760030376
AFLWXDSI4NFVENH52OL4NCB4BEPA,665,2,3,B0C2812FK8|B0BHPD4Q2X|B0BJ2T1LQ5|B0BVBXGTWM|B0BFDBQ9LV|B0B7DSVGWJ|B0BPS63PXC|B0BMPWZGLQ|B0BXNW1ZWV|B0BGP9BY4W,B0B93L6V3C|B0BGHG6LZK|B0C6147THR,,0,0.0,0.0,0.0,0.02,0.3333333333333333,0.08702728145052864
AFL5XTQ3EVGJJ7HOZO734UTWZ64A,661,1,3,B0B93L6V3C|B0C2812FK8|B0BVBXGTWM|B0BJSM87QC|B0BQ36KZH2|B0BHPD4Q2X|B0BFDBQ9LV|B0B7DSVGWJ|B0BLNKJRKN|B0BMPWZGLQ,B0BP6D9YK4|B0CC32HVQY|B094DVQ9ML,,0,0.0,0.0,0.0,0.0,0.0,0.0
AFL2LTTI5VBDOCMPTXDDO7IUCDVA,660,2,2,B0C2812FK8|B0BHPD4Q2X|B0BJ2T1LQ5|B0BFDBQ9LV|B0B7DSVGWJ|B0BPS63PXC|B0BVBXGTWM|B0BJ8RQ2S5|B0BXNW1ZWV|B0B5DPLCM9,B0BP6GBHYD|B0BPH4YH1J,,0,0.0,0.0,0.0,0.02,0.5,0.15000679310833784
AFJAV2F7FOXNBN6CZOSERYFDOV4A,642,1,2,B0B93L6V3C|B0C2812FK8|B0BXNW1ZWV|B0BQ36KZH2|B0BJ8RQ2S5|B0BPS63PXC|B0BKFLXF98|B0BVBXGTWM|B0BFKLD2M1|B0BP6GBHYD,B0BMX3KQ5W|B0C6147THR,,0,0.0,0.0,0.0,0.0,0.0,0.0
AFJASYJ7EPYGSIEYWBATYE4EVIKQ,641,1,2,B0B93L6V3C|B0C2812FK8|B0BHPD4Q2X|B0BVBXGTWM|B0BGP9BY4W|B0BPS63PXC|B0BXNW1ZWV|B0BFDBQ9LV|B0B7DSVGWJ|B0BQ36KZH2,B0BZJ8S1K9|B0BTJBQJ8M,,0,0.0,0.0,0.0,0.02,0.5,0.11600766930798434
AFJ4QAEOULMCOUDF6O3753M6CTWQ,639,1,6,B0B93L6V3C|B0C2812FK8|B0BTSSZZTM|B0BXNW1ZWV|B0BVBXGTWM|B0BJ2T1LQ5|B0BF59LWP7|B0BPS63PXC|B0BFDBQ9LV|B0BGP9BY4W,B0BLJX79MV|B0BS92YMK4|B0BRX9C4L7|B0BSG2N91N|B0CBYLKBP3|B0BLJW9KQM,,0,0.0,0.0,0.0,0.0,0.0,0.0
AFJ3R6QFEGOACYDEUOURT6AENMNA,638,3,1,B0B93L6V3C|B0BFDBQ9LV|B0BJSM87QC|B0B7DSVGWJ|B0BHPD4Q2X|B09PY21GQ3|B0BPS63PXC|B0BJ2T1LQ5|B0BNYT4BVN|B0BXNW1ZWV,B0C3R9QR28,,0,0.0,0.0,0.0,0.0,0.0,0.0
AFIGRZOTBXVICPXJZYYPYOU6KWPQ,630,2,5,B0B93L6V3C|B0C2812FK8|B0BFDBQ9LV|B0BVBXGTWM|B0BJ2T1LQ5|B0BHPD4Q2X|B0B7DSVGWJ|B0BPS63PXC|B0BXNW1ZWV|B0BJSM87QC,B0C2K1QDPF|B0C4TBPPSS|B0BRFGY217|B0BKSMFK1M|B0BY8CSVK2,,0,0.0,0.0,0.0,0.02,0.2,0.08479005131840403
AFID2OQ54D7AJRDHQN6SJURLLIDQ,627,1,3,B0B93L6V3C|B0C2812FK8|B0BHPD4Q2X|B0BJ2T1LQ5|B0BQ36KZH2|B0B7DSVGWJ|B0BVBXGTWM|B0BJSM87QC|B0BXNW1ZWV|B0BFDBQ9LV,B09LXGFB5Z|B0BY8CSVK2|B0BLNKJRKN,,0,0.0,0.0,0.0,0.04,0.6666666666666666,0.22246736008111684
AFHI3FDJOG7QX4KB6SHT2X62Z4KQ,618,3,3,B0B93L6V3C|B0BQ36KZH2|B0BHPD4Q2X|B0B7DSVGWJ|B0BFDBQ9LV|B0BPS63PXC|B0BXNW1ZWV|B09PY21GQ3|B0BJ2T1LQ5|B0BMPWZGLQ,B0BQVGX2L4|B0BJSM87QC|B0C2812FK8,,0,0.0,0.0,0.0,0.0,0.0,0.0
AFHFMYCNLONPVUHT3JZFYLIEGX6Q,617,2,1,B0B93L6V3C|B0BQ36KZH2|B0BN2VJQPP|B0C2812FK8|B0CC8ZC5GW|B0BJSM87QC|B0BHPD4Q2X|B0BJ2T1LQ5|B0BVBXGTWM|B0CCVB4W21,B0BQVGX2L4,,0,0.0,0.0,0.0,0.02,1.0,0.2559580248098155
AFH4ZFL32GLXPFXXPUT52W55NBJQ,612,3,1,B0B93L6V3C|B0C2812FK8|B0BTSSZZTM|B0BQ36KZH2|B0BXNW1ZWV|B0BVBXGTWM|B0BJ2T1LQ5|B0BN2VJQPP|B0BGP9BY4W|B0BPS63PXC,B0BN283C8L,,0,0.0,0.0,0.0,0.0,0.0,0.0
AFGUNUUS3HTEIJAOMGZJK3HT6QDA,611,4,2,B0B93L6V3C|B0C2812FK8|B0BJSM87QC|B0883CWZSZ|B0BXNW1ZWV|B0BFDBQ9LV|B0B9XNL1N4|B0B7DSVGWJ|B09PY21GQ3|B0C1V8YJ1J,B0BFWNWSY7|B0BDXZZG84,,0,0.0,0.0,0.0,0.0,0.0,0.0
AFGLTADDIIWBNI4J6WE5TZWQ4BUQ,605,2,2,B0B93L6V3C|B0BTSSZZTM|B0BF59LWP7|B0BXNW1ZWV|B0BVBXGTWM|B0BJ2T1LQ5|B0BNDBVDDZ|B0C2812FK8|B0BRKWP7FV|B0BPS63PXC,B0BKGPG66Y|B0BR9Q6B94,,0,0.0,0.0,0.0,0.0,0.0,0.0
AFGLFLHKZQI35Z7UIJWNUCTFSGXQ,604,15,3,B0C2812FK8|B0B93L6V3C|B0BN2VJQPP|B0BP6GBHYD|B0CC8ZC5GW|B0BLYZYG8N|B0BHPD4Q2X|B0BXNW1ZWV|B0B7DSVGWJ|B0BPS63PXC,B0BJ9PTJTV|B0B8S4ZP8Q|B0BJSM87QC,,0,0.0,0.0,0.0,0.0,0.0,0.0
AFGJYOXESO2WZ4M4SHTE5WESQHIA,602,1,3,B0B93L6V3C|B0C2812FK8|B0BQ36KZH2|B0BXNW1ZWV|B0BPS63PXC|B0B7DSVGWJ|B0BP6GBHYD|B0BJSM87QC|B09PY21GQ3|B0BFDBQ9LV,B0BPHH89HV|B0C3HZ5KSG|B0BWDLCG6X,,0,0.0,0.0,0.0,0.02,0.3333333333333333,0.09659953929285248
AHZTNSD5CGRGHZN5NNOXOYPP5PYA,1629,2,5,B0B93L6V3C|B0BF59LWP7|B0BTSSZZTM|B0BVBXGTWM|B0BXNW1ZWV|B0B8YYS6G2|B0BJ2T1LQ5|B0C2812FK8|B0BRKWP7FV|B0BGP9BY4W,B0C1V4LPMK|B0BR9Q6B94|B0CBYLKBP3|B0C6SV9P54|B0BWG846BR,,0,0.0,0.0,0.0,0.0,0.0,0.0
